id,PID,client_name,start_date,end_date,name
6614e93cfc13ae5d25ab9c9f,nE9tSD,Stiedemann Inc,09-04-2023,23-04-2023,Software_Developper
6614e93bfc13ae5d25ab9b71,tW8zDK,Rowe and Sons,13-04-2023,27-04-2023,Software_Developper
6614e93afc13ae5d25ab9a00,kZ2nFE,Paucek-Rutherford,14-04-2023,28-04-2023,Consulting
6614e93cfc13ae5d25ab9c8d,pJ9wSO,Muller Group,16-04-2023,30-04-2023,Software_Developper
6614e93cfc13ae5d25ab9c4e,iR3kPA,Deckow and Sons,11-04-2023,02-05-2023,Software_Developper
6614e93afc13ae5d25ab9a7e,kX4eVH,Abbott-Heathcote,13-04-2023,04-05-2023,Software_Developper
6614e93afc13ae5d25ab9a10,mX5wJO,VonRueden LLC,14-04-2023,05-05-2023,Software_Developper
6614e93bfc13ae5d25ab9b5a,mZ9yDK,Harber-Wilderman,14-04-2023,05-05-2023,Software_Developper
6614e93afc13ae5d25ab99dc,bD4eVC,Lockman LLC,21-04-2023,05-05-2023,Software_Developper
6614e93bfc13ae5d25ab9b3f,gC3rAK,Schinner-Ondricka,21-04-2023,05-05-2023,Software_Developper
6614e93bfc13ae5d25ab9b70,gJ5qDK,"Fay, Mitchell and Johnston",21-04-2023,05-05-2023,Software_Developper
6614e93afc13ae5d25ab9987,gS2yUM,Nikolaus-Kemmer,15-04-2023,06-05-2023,Software_Developper
6614e93afc13ae5d25ab9a16,tL1mZD,Hartmann-Barrows,15-04-2023,06-05-2023,Intern
6614e93bfc13ae5d25ab9b68,gN5wDK,Romaguera-Stroman,15-04-2023,06-05-2023,Software_Developper
6614e93afc13ae5d25ab998d,hC6wOM,"Funk, Johnston and Huel",22-04-2023,06-05-2023,Software_Developper
6614e93cfc13ae5d25ab9d21,bD4eVC,"Walker, Williamson and Reilly",22-04-2023,06-05-2023,Software_Developper
6614e93afc13ae5d25ab9a2b,kX9fTG,Crist-Dietrich,17-04-2023,08-05-2023,Intern
6614e93cfc13ae5d25ab9cbe,gE5yLR,Harber-Feeney,24-04-2023,08-05-2023,Software_Developper
6614e93cfc13ae5d25ab9c38,sFbM85,Shields LLC,11-04-2023,09-05-2023,Consulting
6614e93bfc13ae5d25ab9b77,jZ9yDK,Wolf LLC,12-04-2023,10-05-2023,Software_Developper
6614e93cfc13ae5d25ab9c91,dN9uJC,Murphy Inc,20-04-2023,11-05-2023,Software_Developper
6614e93cfc13ae5d25ab9cee,oT9vWL,"Kunze, Volkman and Osinski",27-04-2023,11-05-2023,Software_Developper
6614e93afc13ae5d25ab9a5c,uT6zJX,Schneider Inc,21-04-2023,12-05-2023,Software_Developper
6614e93cfc13ae5d25ab9c89,oY5qAP,Bruen-Borer,22-04-2023,13-05-2023,Software_Developper
6614e93cfc13ae5d25ab9ccb,tL1mZD,Quigley Inc,22-04-2023,13-05-2023,Software_Developper
6614e93bfc13ae5d25ab9b75,lS9zDK,Cartwright Group,09-04-2023,14-05-2023,Software_Developper
6614e93cfc13ae5d25ab9c67,iW4vHM,Pfannerstill Group,16-04-2023,14-05-2023,Software_Developper
6614e93cfc13ae5d25ab9cd7,vN6zQO,Kohler Inc,23-04-2023,14-05-2023,Software_Developper
6614e93afc13ae5d25ab99e1,cS9vRI,Schumm-O'Kon,10-04-2023,15-05-2023,Consulting
6614e93afc13ae5d25ab9a4d,nE9tSD,Herman and Sons,10-04-2023,15-05-2023,Intern
6614e93bfc13ae5d25ab9ab8,pL2xTK,Swift-O'Connell,11-04-2023,16-05-2023,Software_Developper
6614e93cfc13ae5d25ab9c0c,pS1xDK,Kovacek Inc,19-04-2023,17-05-2023,Software_Developper
6614e93cfc13ae5d25ab9be1,tD1zDK,"Miller, Howe and Bartoletti",26-04-2023,17-05-2023,Software_Developper
6614e93afc13ae5d25ab9a14,iL2wZY,"Kohler, Gulgowski and Koepp",13-04-2023,18-05-2023,Intern
6614e93cfc13ae5d25ab9cd6,fH8sLB,Hahn-Schamberger,13-04-2023,18-05-2023,Software_Developper
6614e93afc13ae5d25ab99b0,lY9hJA,"Rowe, Weissnat and Howell",20-04-2023,18-05-2023,Software_Developper
6614e93bfc13ae5d25ab9b14,gX1uZN,"Dickinson, Skiles and Murphy",20-04-2023,18-05-2023,Software_Developper
6614e93bfc13ae5d25ab9ae2,qX8fUP,"Rice, Bogisich and Predovic",04-05-2023,18-05-2023,Software_Developper
6614e93cfc13ae5d25ab9cbd,dH2pOM,Lemke and Sons,21-04-2023,19-05-2023,Software_Developper
6614e93cfc13ae5d25ab9d4b,sN6wBO,Carroll LLC,05-05-2023,19-05-2023,Consulting
6614e93bfc13ae5d25ab9b5b,eC7uDK,"Purdy, Mayer and Bailey",15-04-2023,20-05-2023,Software_Developper
6614e93cfc13ae5d25ab9d30,qD5fSK,"Schmitt, Wehner and Crooks",22-04-2023,20-05-2023,Software_Developper
6614e93cfc13ae5d25ab9bf9,tU7xDK,Jast and Sons,23-04-2023,21-05-2023,Software_Developper
6614e93cfc13ae5d25ab9bb3,eS3sDK,Hudson Inc,30-04-2023,21-05-2023,Consulting
6614e93bfc13ae5d25ab9ae3,hG3xMI,Kling and Sons,07-05-2023,21-05-2023,Consulting
6614e93afc13ae5d25ab99a6,bF4yXJ,Rath Group,01-05-2023,22-05-2023,Software_Developper
6614e93afc13ae5d25ab9a87,xO4pDK,Kassulke LLC,11-04-2023,23-05-2023,Software_Developper
6614e93cfc13ae5d25ab9c42,lJ9zRb,Wuckert-Mills,11-04-2023,23-05-2023,Software_Developper
6614e93cfc13ae5d25ab9c06,dS9xDK,Ondricka and Sons,25-04-2023,23-05-2023,Software_Developper
6614e93cfc13ae5d25ab9d3b,dL2tCU,Conroy-Stark,25-04-2023,23-05-2023,Software_Developper
6614e93afc13ae5d25ab9a42,kG9wXV,"Beahan, Haley and Hand",03-05-2023,24-05-2023,Intern
6614e93cfc13ae5d25ab9c79,lY9hJA,Kertzmann-Mohr,10-05-2023,24-05-2023,Consulting
6614e93afc13ae5d25ab9a6f,wX5zTG,"Kuhlman, Mosciski and Koss",04-05-2023,25-05-2023,Software_Developper
6614e93afc13ae5d25ab9a21,cB5yWF,"Grimes, Kuhlman and Schroeder",11-05-2023,25-05-2023,Intern
6614e93afc13ae5d25ab99d9,xR7gDI,Kozey LLC,14-04-2023,26-05-2023,Software_Developper
6614e93cfc13ae5d25ab9cac,mV7oHA,McCullough-Marvin,28-04-2023,26-05-2023,Software_Developper
6614e93afc13ae5d25ab99cd,uP9sLF,Ortiz-Conn,05-05-2023,26-05-2023,Consulting
6614e93cfc13ae5d25ab9d37,hI3jXK,"Bergstrom, Dicki and Hegmann",05-05-2023,26-05-2023,Software_Developper
6614e93cfc13ae5d25ab9cb8,oG2hXR,Hirthe-Kerluke,22-04-2023,27-05-2023,Software_Developper
6614e93cfc13ae5d25ab9bd5,lW1zDK,Goyette-Lockman,06-05-2023,27-05-2023,Software_Developper
6614e93afc13ae5d25ab9a4c,hF8wZM,Windler-Mayer,13-05-2023,27-05-2023,Intern
6614e93bfc13ae5d25ab9a9d,kY9uWN,Keebler Inc,16-04-2023,28-05-2023,Software_Developper
6614e93cfc13ae5d25ab9b9d,lZ1qDK,Cruickshank Group,30-04-2023,28-05-2023,Software_Developper
6614e93bfc13ae5d25ab9adc,dM9xLJ,"Leannon, Leannon and Robel",17-04-2023,29-05-2023,Software_Developper
6614e93cfc13ae5d25ab9cf2,pW4fCN,Donnelly Group,15-05-2023,29-05-2023,Software_Developper
6614e93afc13ae5d25ab99ba,tW9vBY,"Lehner, Predovic and Schaefer",02-05-2023,30-05-2023,Consulting
6614e93afc13ae5d25ab99f9,pM8rTS,Denesik-Hodkiewicz,16-05-2023,30-05-2023,Consulting
6614e93cfc13ae5d25ab9bc1,tW6vDK,Schroeder-Goldner,19-04-2023,31-05-2023,Software_Developper
6614e93cfc13ae5d25ab9c96,uP9sLF,Bauch-Hickle,19-04-2023,31-05-2023,Software_Developper
6614e93afc13ae5d25ab99b6,vK2jQN,Denesik-Hoeger,03-05-2023,31-05-2023,Software_Developper
6614e93afc13ae5d25ab9a65,bQ1gKL,Sauer Inc,03-05-2023,31-05-2023,Software_Developper
6614e93cfc13ae5d25ab9d1b,wV2tDN,Robel-Murazik,03-05-2023,31-05-2023,Software_Developper
6614e93cfc13ae5d25ab9c57,uZ7sDJ,Maggio-Kulas,20-04-2023,01-06-2023,Software_Developper
6614e93cfc13ae5d25ab9bec,pJ6vDK,Wintheiser Group,12-05-2023,02-06-2023,Software_Developper
6614e93cfc13ae5d25ab9cb9,sJ6zEN,"Gislason, Strosin and McDermott",19-05-2023,02-06-2023,Software_Developper
6614e93cfc13ae5d25ab9bf4,pY9zDK,Barrows-Kohler,22-04-2023,03-06-2023,Consulting
6614e93cfc13ae5d25ab9c64,cL9hEV,"White, White and Marvin",29-04-2023,03-06-2023,Software_Developper
6614e93cfc13ae5d25ab9c88,mG2nUK,"Rath, Weber and Upton",30-04-2023,04-06-2023,Software_Developper
6614e93bfc13ae5d25ab9b51,tW4eHK,"Pfeffer, Wisozk and Wintheiser",01-05-2023,05-06-2023,Software_Developper
6614e93cfc13ae5d25ab9ca3,sA9xTF,Klein-Abshire,08-05-2023,05-06-2023,Software_Developper
6614e93cfc13ae5d25ab9cfd,pG9eKD,"Stoltenberg, Jaskolski and Roob",08-05-2023,05-06-2023,Consulting
6614e93afc13ae5d25ab997e,oL2eFA,Crona-Blanda,22-05-2023,05-06-2023,Software_Developper
6614e93afc13ae5d25ab9a04,sJ6zEN,"Keebler, Feil and Monahan",02-05-2023,06-06-2023,Software_Developper
6614e93bfc13ae5d25ab9ab9,dR7yFJ,"O'Reilly, D'Amore and Herzog",26-04-2023,07-06-2023,Software_Developper
6614e93afc13ae5d25ab99f7,qT3hDM,Koepp Inc,03-05-2023,07-06-2023,Consulting
6614e93afc13ae5d25ab99d3,gG5pQW,Pfeffer-Abernathy,10-05-2023,07-06-2023,Software_Developper
6614e93cfc13ae5d25ab9c12,mN9vDK,DuBuque Group,10-05-2023,07-06-2023,Software_Developper
6614e93cfc13ae5d25ab9ce5,uV4zPC,"Dach, Green and Jenkins",17-05-2023,07-06-2023,Software_Developper
6614e93afc13ae5d25ab9a83,dH7jLB,Jenkins-Schmeler,24-05-2023,07-06-2023,Software_Developper
6614e93bfc13ae5d25ab9b64,pX8wDK,Dicki-Altenwerth,27-04-2023,08-06-2023,Software_Developper
6614e93afc13ae5d25ab99aa,wJ1nMF,Bayer Group,18-05-2023,08-06-2023,Software_Developper
6614e93cfc13ae5d25ab9ce9,mK1vRS,"Kuhic, Cassin and Harber",19-05-2023,09-06-2023,Software_Developper
6614e93cfc13ae5d25ab9bfc,pK6vDK,Hammes Group,29-04-2023,10-06-2023,Software_Developper
6614e93afc13ae5d25ab9a3b,hY9fUM,Greenfelder-Shanahan,14-05-2023,11-06-2023,Intern
6614e93cfc13ae5d25ab9c60,wM4uBZ,Turcotte-Kirlin,14-05-2023,11-06-2023,Software_Developper
6614e93cfc13ae5d25ab9cca,xT6xWZ,Smith Group,08-05-2023,12-06-2023,Consulting
6614e93bfc13ae5d25ab9b34,dX9eAK,Jaskolski-Bailey,02-05-2023,13-06-2023,Software_Developper
6614e93cfc13ae5d25ab9bd3,eQ5xDK,Reynolds Inc,03-05-2023,14-06-2023,Software_Developper
6614e93cfc13ae5d25ab9cbb,fK1rVH,Bode and Sons,03-05-2023,14-06-2023,Software_Developper
6614e93bfc13ae5d25ab9aa2,wJ6yNP,Swaniawski-Labadie,24-05-2023,14-06-2023,Software_Developper
6614e93bfc13ae5d25ab9adb,kH7sCG,Leannon and Sons,24-05-2023,14-06-2023,Consulting
6614e93bfc13ae5d25ab9a9a,mH1zXE,"Senger, Bartoletti and Christiansen",31-05-2023,14-06-2023,Software_Developper
6614e93cfc13ae5d25ab9c01,tU5rDK,Abernathy-Pfannerstill,31-05-2023,14-06-2023,Software_Developper
6614e93cfc13ae5d25ab9baf,jH8zDK,Powlowski-Sanford,18-05-2023,15-06-2023,Software_Developper
6614e93afc13ae5d25ab9a27,eX5hRP,"Windler, Doyle and Johns",25-05-2023,15-06-2023,Intern
6614e93afc13ae5d25ab9a77,qB9jLR,Zemlak-Wisoky,25-05-2023,15-06-2023,Software_Developper
6614e93bfc13ae5d25ab9abf,eK4qVY,Quitzon Inc,27-05-2023,17-06-2023,Consulting
6614e93cfc13ae5d25ab9ce3,kU7pXZ,Reynolds-Barton,07-05-2023,18-06-2023,Consulting
6614e93cfc13ae5d25ab9ba8,gU7sDK,"Kuvalis, Orn and Schaden",14-05-2023,18-06-2023,Software_Developper
6614e93cfc13ae5d25ab9c00,gX2sDK,Marvin-Gleason,14-05-2023,18-06-2023,Software_Developper
6614e93bfc13ae5d25ab9ab3,tO3vAG,Kuphal-Sporer,21-05-2023,18-06-2023,Consulting
6614e93afc13ae5d25ab9989,sV4oNA,Swaniawski Group,15-05-2023,19-06-2023,Consulting
6614e93cfc13ae5d25ab9c0d,lU8yDK,Feeney and Sons,15-05-2023,19-06-2023,Software_Developper
6614e93bfc13ae5d25ab9b3a,eW9vDK,Borer Inc,22-05-2023,19-06-2023,Software_Developper
6614e93bfc13ae5d25ab9b18,eB2yAH,Purdy LLC,05-06-2023,19-06-2023,Software_Developper
6614e93bfc13ae5d25ab9b4e,dS9fBK,Reynolds-Bogisich,05-06-2023,19-06-2023,Software_Developper
6614e93cfc13ae5d25ab9be6,dP1wDK,Boyle LLC,23-05-2023,20-06-2023,Software_Developper
6614e93cfc13ae5d25ab9bf1,tE1wDK,"Gerhold, Weimann and Gleason",23-05-2023,20-06-2023,Consulting
6614e93bfc13ae5d25ab9b2e,hC9dEJ,"Metz, Klein and Satterfield",10-05-2023,21-06-2023,Software_Developper
6614e93cfc13ae5d25ab9d1c,tQ9wBA,Kuhn Group,17-05-2023,21-06-2023,Software_Developper
6614e93cfc13ae5d25ab9bb4,pX2zDK,"Daniel, Sauer and Raynor",31-05-2023,21-06-2023,Consulting
6614e93bfc13ae5d25ab9b08,gB1qCK,Muller LLC,11-05-2023,22-06-2023,Software_Developper
6614e93afc13ae5d25ab9a1b,hZ9xLQ,Morar-Miller,18-05-2023,22-06-2023,Intern
6614e93cfc13ae5d25ab9c35,7ARo27,Bergnaum-Spinka,18-05-2023,22-06-2023,Software_Developper
6614e93afc13ae5d25ab9a33,tN6vIJ,"Bogisich, Kertzmann and Pacocha",25-05-2023,22-06-2023,Intern
6614e93cfc13ae5d25ab9c7c,yF8vCI,"Hyatt, Thiel and Purdy",25-05-2023,22-06-2023,Software_Developper
6614e93afc13ae5d25ab9a6c,tV6mIO,Stroman Group,08-06-2023,22-06-2023,Software_Developper
6614e93cfc13ae5d25ab9bfe,dG7zDK,Torp and Sons,12-05-2023,23-06-2023,Software_Developper
6614e93cfc13ae5d25ab9c40,mTv8Fz,Denesik Inc,19-05-2023,23-06-2023,Consulting
6614e93cfc13ae5d25ab9c90,wF1pOH,Bode Inc,03-06-2023,24-06-2023,Consulting
6614e93bfc13ae5d25ab9b10,pW7yEM,"Rau, Hintz and Klocko",14-05-2023,25-06-2023,Software_Developper
6614e93bfc13ae5d25ab9ae8,lS2wVB,Crist-Douglas,28-05-2023,25-06-2023,Software_Developper
6614e93afc13ae5d25ab9995,lH7rCF,"Yundt, Stanton and Gutkowski",04-06-2023,25-06-2023,Software_Developper
6614e93bfc13ae5d25ab9afe,kD4wTI,Deckow LLC,04-06-2023,25-06-2023,Software_Developper
6614e93afc13ae5d25ab9a58,bD4eVC,"Stehr, Mills and Toy",11-06-2023,25-06-2023,Intern
6614e93afc13ae5d25ab996c,7ARo27,Harber Group,12-06-2023,26-06-2023,Consulting
6614e93afc13ae5d25ab9a86,vL2zTK,Wilderman and Sons,12-06-2023,26-06-2023,Consulting
6614e93afc13ae5d25ab9a3f,dO4sIK,Kub LLC,06-06-2023,27-06-2023,Intern
6614e93afc13ae5d25ab9a46,lI3eGQ,"Miller, Kozey and Klocko",06-06-2023,27-06-2023,Intern
6614e93bfc13ae5d25ab9ade,jT1rZE,Steuber LLC,13-06-2023,27-06-2023,Software_Developper
6614e93bfc13ae5d25ab9b09,wT4yAJ,Toy and Sons,07-06-2023,28-06-2023,Software_Developper
6614e93cfc13ae5d25ab9c9c,gG5pQW,"Hane, Marks and Marquardt",18-05-2023,29-06-2023,Software_Developper
6614e93afc13ae5d25ab9a32,mZ2xQH,Schowalter Group,25-05-2023,29-06-2023,Intern
6614e93afc13ae5d25ab99a0,gN9pLZ,Ledner Group,08-06-2023,29-06-2023,Software_Developper
6614e93bfc13ae5d25ab9af2,pB6sRL,Hettinger and Sons,08-06-2023,29-06-2023,Software_Developper
6614e93afc13ae5d25ab99d4,fH8sLB,Schroeder and Sons,02-06-2023,30-06-2023,Software_Developper
6614e93bfc13ae5d25ab9a91,eX5kWP,Herman Inc,02-06-2023,30-06-2023,Consulting
6614e93bfc13ae5d25ab9b4f,jK2zDK,Dibbert-Cremin,16-06-2023,30-06-2023,Software_Developper
6614e93bfc13ae5d25ab9afa,wY1uCB,"Collins, Shields and Beer",20-05-2023,01-07-2023,Software_Developper
6614e93bfc13ae5d25ab9b87,jK9wDK,"Stoltenberg, Luettgen and Champlin",20-05-2023,01-07-2023,Software_Developper
6614e93bfc13ae5d25ab9b76,dG5wDK,Farrell and Sons,27-05-2023,01-07-2023,Software_Developper
6614e93bfc13ae5d25ab9ac8,gW1zCD,"Gulgowski, Schinner and Haley",10-06-2023,01-07-2023,Software_Developper
6614e93bfc13ae5d25ab9adf,sJ7zSP,"Kemmer, Turcotte and Jakubowski",10-06-2023,01-07-2023,Software_Developper
6614e93bfc13ae5d25ab9b6e,dH7rDK,"Hilpert, Kassulke and Heathcote",17-06-2023,01-07-2023,Consulting
6614e93afc13ae5d25ab99a4,xV7lOA,Fahey Inc,21-05-2023,02-07-2023,Software_Developper
6614e93bfc13ae5d25ab9b1f,mZ9jRH,"Sawayn, Predovic and Pagac",28-05-2023,02-07-2023,Software_Developper
6614e93cfc13ae5d25ab9cc0,qT3hDM,"Beatty, Lockman and Ortiz",04-06-2023,02-07-2023,Software_Developper
6614e93afc13ae5d25ab99a9,hR9xQC,Rippin-Rath,11-06-2023,02-07-2023,Consulting
6614e93cfc13ae5d25ab9d35,tV6mIO,Ratke and Sons,18-06-2023,02-07-2023,Software_Developper
6614e93cfc13ae5d25ab9c1e,dX1yDK,Muller-Howell,23-05-2023,04-07-2023,Software_Developper
6614e93afc13ae5d25ab9a72,dL2tCU,Bailey LLC,13-06-2023,04-07-2023,Consulting
6614e93bfc13ae5d25ab9b5d,lB6rDK,White and Sons,13-06-2023,04-07-2023,Software_Developper
6614e93cfc13ae5d25ab9c34,rCQHMM,Feest and Sons,13-06-2023,04-07-2023,Software_Developper
6614e93afc13ae5d25ab99d1,iG8wVG,"Gerlach, Rosenbaum and Grimes",20-06-2023,04-07-2023,Software_Developper
6614e93bfc13ae5d25ab9b27,tS1uZK,Schinner Group,20-06-2023,04-07-2023,Software_Developper
6614e93bfc13ae5d25ab9b37,hR2pKJ,"Olson, Shields and Hilpert",07-06-2023,05-07-2023,Software_Developper
6614e93afc13ae5d25ab99c3,cR6tXD,Brown-Maggio,14-06-2023,05-07-2023,Software_Developper
6614e93bfc13ae5d25ab9b1e,tV4dEK,MacGyver-Abshire,14-06-2023,05-07-2023,Software_Developper
6614e93cfc13ae5d25ab9bcc,pX6rDK,Becker-Lueilwitz,14-06-2023,05-07-2023,Software_Developper
6614e93afc13ae5d25ab99fb,eL7zWD,Wuckert and Sons,08-06-2023,06-07-2023,Software_Developper
6614e93bfc13ae5d25ab9ac5,lR4vBC,"Farrell, Murray and Klein",08-06-2023,06-07-2023,Software_Developper
6614e93cfc13ae5d25ab9ce4,hZ9xLQ,Turner Inc,16-06-2023,07-07-2023,Software_Developper
6614e93cfc13ae5d25ab9cd8,tH9qGN,"Ernser, Hand and Denesik",03-06-2023,08-07-2023,Software_Developper
6614e93bfc13ae5d25ab9a9f,eN7qCI,"Satterfield, Cummings and Mayer",24-06-2023,08-07-2023,Software_Developper
6614e93afc13ae5d25ab999d,rT7zQO,Gerlach LLC,04-06-2023,09-07-2023,Software_Developper
6614e93afc13ae5d25ab99ea,vK7yRE,Labadie Inc,18-06-2023,09-07-2023,Software_Developper
6614e93afc13ae5d25ab99ed,eA5wPK,Russel-Hauck,12-06-2023,10-07-2023,Consulting
6614e93cfc13ae5d25ab9d1d,rM5wUJ,Doyle-Dietrich,26-06-2023,10-07-2023,Software_Developper
6614e93bfc13ae5d25ab9aed,wG9xKC,"Grady, Wisozk and Kessler",30-05-2023,11-07-2023,Software_Developper
6614e93cfc13ae5d25ab9d2d,yT4vXD,Crist Group,07-06-2023,12-07-2023,Software_Developper
6614e93cfc13ae5d25ab9c9b,tF3kXZ,"Walter, Kessler and Terry",08-06-2023,13-07-2023,Consulting
6614e93cfc13ae5d25ab9cd5,lX1gTE,"Kshlerin, Leffler and Hansen",08-06-2023,13-07-2023,Software_Developper
6614e93cfc13ae5d25ab9c11,tB1zDK,"Gerhold, Fay and Graham",29-06-2023,13-07-2023,Consulting
6614e93cfc13ae5d25ab9ba5,lQ3sDK,Gutmann-McKenzie,10-06-2023,15-07-2023,Software_Developper
6614e93cfc13ae5d25ab9bf6,dU6vDK,Bins Inc,24-06-2023,15-07-2023,Consulting
6614e93bfc13ae5d25ab9b61,tS4wDK,Wyman and Sons,04-06-2023,16-07-2023,Software_Developper
6614e93bfc13ae5d25ab9b32,pK3qWI,Bode-Runolfsdottir,11-06-2023,16-07-2023,Software_Developper
6614e93afc13ae5d25ab99c5,lT2xLM,Hand-Reichert,25-06-2023,16-07-2023,Software_Developper
6614e93afc13ae5d25ab9a71,rQ4gSK,Kuhlman LLC,26-06-2023,17-07-2023,Software_Developper
6614e93bfc13ae5d25ab9af1,tL8qKF,"Nolan, Zieme and McLaughlin",03-07-2023,17-07-2023,Software_Developper
6614e93cfc13ae5d25ab9cdb,gG5pQW,Romaguera Group,03-07-2023,17-07-2023,Software_Developper
6614e93afc13ae5d25ab9a89,hV9sOI,"Stehr, Jakubowski and Cassin",06-06-2023,18-07-2023,Software_Developper
6614e93cfc13ae5d25ab9ba0,gN4zDK,"Gleichner, Kreiger and Wilderman",14-06-2023,19-07-2023,Consulting
6614e93afc13ae5d25ab99b3,yF8vCI,"Hermann, Spencer and Macejkovic",22-06-2023,20-07-2023,Software_Developper
6614e93afc13ae5d25ab9a35,sU1zKF,"Keebler, Crona and Russel",06-07-2023,20-07-2023,Intern
6614e93bfc13ae5d25ab9aeb,hX6vJE,"Brown, Nader and Wunsch",06-07-2023,20-07-2023,Software_Developper
6614e93bfc13ae5d25ab9b7a,mX4uDK,Lemke LLC,09-06-2023,21-07-2023,Software_Developper
6614e93bfc13ae5d25ab9aee,mT4eGH,"Littel, Nicolas and Bashirian",16-06-2023,21-07-2023,Software_Developper
6614e93cfc13ae5d25ab9d17,dI7xRT,"Nader, Williamson and Collins",16-06-2023,21-07-2023,Consulting
6614e93bfc13ae5d25ab9ab5,wV2jBP,Jakubowski-Adams,30-06-2023,21-07-2023,Software_Developper
6614e93cfc13ae5d25ab9d33,dZ2vFB,"Harber, Conn and Marks",30-06-2023,21-07-2023,Software_Developper
6614e93cfc13ae5d25ab9c9e,iL2wZY,Volkman-Miller,07-07-2023,21-07-2023,Software_Developper
6614e93afc13ae5d25ab99fd,nW1pVF,Stoltenberg-Maggio,10-06-2023,22-07-2023,Consulting
6614e93cfc13ae5d25ab9c68,tD8sFX,Predovic-Rodriguez,01-07-2023,22-07-2023,Software_Developper
6614e93cfc13ae5d25ab9ba6,dT2wDK,"Hessel, Gleason and West",08-07-2023,22-07-2023,Consulting
6614e93cfc13ae5d25ab9bb2,mJ8xDK,O'Reilly-Leffler,02-07-2023,23-07-2023,Software_Developper
6614e93cfc13ae5d25ab9c55,bP8zTG,VonRueden-Wilderman,21-06-2023,26-07-2023,Software_Developper
6614e93cfc13ae5d25ab9bd1,tQ9vDK,West-Greenholt,05-07-2023,26-07-2023,Software_Developper
6614e93bfc13ae5d25ab9b30,mW4uEJ,"Parisian, Wyman and Sauer",12-07-2023,26-07-2023,Software_Developper
6614e93cfc13ae5d25ab9d1f,sW3nCK,"Ryan, McGlynn and VonRueden",12-07-2023,26-07-2023,Software_Developper
6614e93bfc13ae5d25ab9aa5,kP9yUB,Dooley and Sons,22-06-2023,27-07-2023,Software_Developper
6614e93afc13ae5d25ab998c,bP8zTG,Mayer Inc,29-06-2023,27-07-2023,Software_Developper
6614e93afc13ae5d25ab9a02,tL1mZD,Ondricka and Sons,29-06-2023,27-07-2023,Software_Developper
6614e93bfc13ae5d25ab9aac,mI3rBV,Mitchell-Hills,06-07-2023,27-07-2023,Software_Developper
6614e93cfc13ae5d25ab9c1d,lB7sDK,"Donnelly, Luettgen and Emmerich",13-07-2023,27-07-2023,Software_Developper
6614e93cfc13ae5d25ab9c0f,jE1vDK,Simonis-Hirthe,30-06-2023,28-07-2023,Software_Developper
6614e93bfc13ae5d25ab9aa7,tF6hAO,"Kling, Erdman and Romaguera",07-07-2023,28-07-2023,Software_Developper
6614e93afc13ae5d25ab9a23,qL3eVW,"Mills, Stiedemann and Schinner",17-06-2023,29-07-2023,Intern
6614e93afc13ae5d25ab9a0b,mQ1zFA,Mertz-Kassulke,01-07-2023,29-07-2023,Consulting
6614e93afc13ae5d25ab9a68,jS8oQG,"Walter, Grady and Kris",01-07-2023,29-07-2023,Software_Developper
6614e93bfc13ae5d25ab9b20,eY3xAK,Rice-Murray,18-06-2023,30-07-2023,Software_Developper
6614e93cfc13ae5d25ab9c4a,zR1gEX,Roob-Borer,18-06-2023,30-07-2023,Software_Developper
6614e93cfc13ae5d25ab9ccd,sJ6zEN,Nolan-Thompson,25-06-2023,30-07-2023,Software_Developper
6614e93cfc13ae5d25ab9bbb,eQ7vDK,"Gorczany, Kuhic and Kuhlman",16-07-2023,30-07-2023,Consulting
6614e93afc13ae5d25ab99dd,yG6vFA,Frami-Hudson,19-06-2023,31-07-2023,Software_Developper
6614e93afc13ae5d25ab99bb,iZ7hXJ,Weber-Anderson,03-07-2023,31-07-2023,Software_Developper
6614e93afc13ae5d25ab9a6a,dZ2vFB,Goodwin-Schuster,03-07-2023,31-07-2023,Software_Developper
6614e93cfc13ae5d25ab9cf4,kX9fTG,"Frami, Schamberger and Reilly",03-07-2023,31-07-2023,Software_Developper
6614e93afc13ae5d25ab9a69,eK3qFN,Cummerata LLC,17-07-2023,31-07-2023,Software_Developper
6614e93bfc13ae5d25ab9b63,eR9zDK,"Ondricka, Dare and Braun",17-07-2023,31-07-2023,Software_Developper
6614e93cfc13ae5d25ab9c1b,eX2sDK,"Yundt, Reilly and Feeney",18-07-2023,01-08-2023,Software_Developper
6614e93cfc13ae5d25ab9cb7,tF3kXZ,Rosenbaum-Lang,28-06-2023,02-08-2023,Software_Developper
6614e93afc13ae5d25ab9a08,uJ4hCN,"Kshlerin, Mertz and Mertz",12-07-2023,02-08-2023,Consulting
6614e93bfc13ae5d25ab9ac4,pD1zUL,Homenick-Ferry,22-06-2023,03-08-2023,Consulting
6614e93bfc13ae5d25ab9af6,jP1vCE,Trantow-McLaughlin,22-06-2023,03-08-2023,Software_Developper
6614e93cfc13ae5d25ab9c7b,aG1uMB,Murazik-Deckow,06-07-2023,03-08-2023,Consulting
6614e93afc13ae5d25ab9a57,dT4qAM,"Mueller, Hegmann and Fay",23-06-2023,04-08-2023,Intern
6614e93bfc13ae5d25ab9b7f,jM7sDK,Lesch-Douglas,30-06-2023,04-08-2023,Software_Developper
6614e93cfc13ae5d25ab9cab,qT3hDM,West LLC,07-07-2023,04-08-2023,Consulting
6614e93cfc13ae5d25ab9cec,qL3eVW,Kulas LLC,14-07-2023,04-08-2023,Software_Developper
6614e93cfc13ae5d25ab9cba,hW8fZI,Gutmann and Sons,22-07-2023,05-08-2023,Software_Developper
6614e93bfc13ae5d25ab9b0f,eC1xOI,Johnson and Sons,09-07-2023,06-08-2023,Software_Developper
6614e93afc13ae5d25ab99c8,dN9uJC,Thiel-Osinski,26-06-2023,07-08-2023,Software_Developper
6614e93bfc13ae5d25ab9b6c,pN2vDK,Barrows Inc,27-06-2023,08-08-2023,Software_Developper
6614e93cfc13ae5d25ab9c24,pZ2vDK,"Hintz, Bayer and Parisian",27-06-2023,08-08-2023,Consulting
6614e93cfc13ae5d25ab9c21,tG4xDK,"Abbott, Reichert and Adams",04-07-2023,08-08-2023,Software_Developper
6614e93bfc13ae5d25ab9b69,tS4zDK,"Ondricka, Hamill and Cremin",25-07-2023,08-08-2023,Software_Developper
6614e93cfc13ae5d25ab9c56,hC6wOM,Gleason Inc,25-07-2023,08-08-2023,Consulting
6614e93cfc13ae5d25ab9cb5,rN8kXD,Windler and Sons,25-07-2023,08-08-2023,Consulting
6614e93bfc13ae5d25ab9b74,pY7xDK,Gottlieb-Lehner,28-06-2023,09-08-2023,Consulting
6614e93cfc13ae5d25ab9c50,gS2yUM,"Murazik, Kshlerin and Will",13-07-2023,10-08-2023,Software_Developper
6614e93bfc13ae5d25ab9af4,dW5mAJ,"Anderson, Lowe and Hirthe",30-06-2023,11-08-2023,Consulting
6614e93cfc13ae5d25ab9cff,jD7mYV,Littel-Abshire,07-07-2023,11-08-2023,Consulting
6614e93afc13ae5d25ab9a12,gG5pQW,"Mayert, Barton and Graham",28-07-2023,11-08-2023,Intern
6614e93bfc13ae5d25ab9aba,gA9hUQ,Renner-Kertzmann,01-07-2023,12-08-2023,Software_Developper
6614e93bfc13ae5d25ab9ac0,qS1zWN,Wisoky-Schaefer,01-07-2023,12-08-2023,Software_Developper
6614e93cfc13ae5d25ab9c23,eM3sDK,Nikolaus-Bailey,08-07-2023,12-08-2023,Software_Developper
6614e93afc13ae5d25ab9a40,uH5dBT,"Nicolas, Boyer and Zemlak",29-07-2023,12-08-2023,Intern
6614e93afc13ae5d25ab9a63,pO9eJC,Homenick-Gibson,16-07-2023,13-08-2023,Software_Developper
6614e93bfc13ae5d25ab9a9c,qI4sKD,"Thompson, King and Boyle",23-07-2023,13-08-2023,Software_Developper
6614e93cfc13ae5d25ab9c92,aM2vFQ,Crist-Wiegand,30-07-2023,13-08-2023,Software_Developper
6614e93cfc13ae5d25ab9c93,yZ5oGK,Kessler LLC,30-07-2023,13-08-2023,Software_Developper
6614e93bfc13ae5d25ab9aa1,jB2nGV,"Batz, Dickens and Hauck",17-07-2023,14-08-2023,Software_Developper
6614e93cfc13ae5d25ab9d47,kX4eVH,Kulas-Reichel,25-07-2023,15-08-2023,Software_Developper
6614e93cfc13ae5d25ab9c0a,mP6zDK,"Gerlach, Hills and Torphy",12-07-2023,16-08-2023,Software_Developper
6614e93cfc13ae5d25ab9bfa,mG2rDK,"Emard, Stanton and Watsica",20-07-2023,17-08-2023,Software_Developper
6614e93afc13ae5d25ab99d7,uJ4hCN,Nitzsche-Hodkiewicz,21-07-2023,18-08-2023,Consulting
6614e93bfc13ae5d25ab9b15,hN7yDL,Harvey-Mante,04-08-2023,18-08-2023,Software_Developper
6614e93cfc13ae5d25ab9c84,iZ7hXJ,Franecki LLC,08-07-2023,19-08-2023,Software_Developper
6614e93bfc13ae5d25ab9aa9,lD2uEY,"Tromp, Okuneva and Hickle",15-07-2023,19-08-2023,Software_Developper
6614e93cfc13ae5d25ab9ce1,dN6rVK,Morissette and Sons,22-07-2023,19-08-2023,Software_Developper
6614e93bfc13ae5d25ab9ad7,eG9dQX,"Wehner, Ritchie and Jacobs",29-07-2023,19-08-2023,Consulting
6614e93afc13ae5d25ab99f6,kN9uYC,"Cummerata, Pfannerstill and Koch",23-07-2023,20-08-2023,Software_Developper
6614e93afc13ae5d25ab9a01,xT6xWZ,Lubowitz Inc,23-07-2023,20-08-2023,Consulting
6614e93cfc13ae5d25ab9c02,mR9vDK,"Moen, Mitchell and Hayes",23-07-2023,20-08-2023,Software_Developper
6614e93cfc13ae5d25ab9c69,gN9pLZ,Lebsack-Morissette,17-07-2023,21-08-2023,Consulting
6614e93bfc13ae5d25ab9aff,dK9oRB,Lemke and Sons,07-08-2023,21-08-2023,Software_Developper
6614e93cfc13ae5d25ab9d15,hF8wZM,"Bins, Wilkinson and Jones",18-07-2023,22-08-2023,Software_Developper
6614e93afc13ae5d25ab99d6,nE9tSD,Koss-Orn,26-07-2023,23-08-2023,Software_Developper
6614e93cfc13ae5d25ab9ced,vN5qTA,Kovacek-Upton,02-08-2023,23-08-2023,Software_Developper
6614e93bfc13ae5d25ab9b8c,pM8rDK,"Kozey, Champlin and Homenick",13-07-2023,24-08-2023,Software_Developper
6614e93cfc13ae5d25ab9cc5,mV7oHA,Muller and Sons,13-07-2023,24-08-2023,Consulting
6614e93cfc13ae5d25ab9beb,eW2zDK,"Moen, Connelly and Williamson",27-07-2023,24-08-2023,Consulting
6614e93afc13ae5d25ab9a7b,wB4sUK,"Block, Altenwerth and Klocko",21-07-2023,25-08-2023,Software_Developper
6614e93bfc13ae5d25ab9aaf,rB3kFU,"Brekke, Bahringer and Roob",21-07-2023,25-08-2023,Software_Developper
6614e93cfc13ae5d25ab9c03,eL5wDK,Harber-Sporer,21-07-2023,25-08-2023,Software_Developper
6614e93bfc13ae5d25ab9ad8,hL2tNR,"Gorczany, Shields and Mann",28-07-2023,25-08-2023,Software_Developper
6614e93bfc13ae5d25ab9b57,jR7tDK,Brekke Group,04-08-2023,25-08-2023,Consulting
6614e93cfc13ae5d25ab9ba7,jM8yDK,"Hermiston, McClure and Williamson",04-08-2023,25-08-2023,Software_Developper
6614e93cfc13ae5d25ab9cb2,jF4tHB,Harber-Wintheiser,11-08-2023,25-08-2023,Software_Developper
6614e93cfc13ae5d25ab9c7d,gW5pUK,Keeling Inc,22-07-2023,26-08-2023,Software_Developper
6614e93cfc13ae5d25ab9bdd,lS4zDK,Ratke-Reilly,05-08-2023,26-08-2023,Software_Developper
6614e93bfc13ae5d25ab9b82,mN6xDK,Trantow Inc,12-08-2023,26-08-2023,Software_Developper
6614e93cfc13ae5d25ab9c63,aF5cUR,"Jacobs, Waters and Lowe",12-08-2023,26-08-2023,Consulting
6614e93bfc13ae5d25ab9b0c,hZ9rMJ,Renner Group,07-08-2023,28-08-2023,Software_Developper
6614e93afc13ae5d25ab999e,iW4vHM,"Pacocha, Koelpin and Krajcik",15-08-2023,29-08-2023,Software_Developper
6614e93bfc13ae5d25ab9b7b,eW9yDK,"Hyatt, Rath and Halvorson",15-08-2023,29-08-2023,Consulting
6614e93bfc13ae5d25ab9b39,mB7pRK,Ebert Inc,26-07-2023,30-08-2023,Software_Developper
6614e93bfc13ae5d25ab9b6d,lK8uDK,"Klein, Johnson and Waters",09-08-2023,30-08-2023,Software_Developper
6614e93bfc13ae5d25ab9add,vB3zLK,Abernathy LLC,27-07-2023,31-08-2023,Software_Developper
6614e93cfc13ae5d25ab9d2b,sV2kPY,"Dooley, Kozey and Runolfsson",27-07-2023,31-08-2023,Consulting
6614e93afc13ae5d25ab99e0,lX1gTE,Reynolds LLC,17-08-2023,31-08-2023,Software_Developper
6614e93afc13ae5d25ab9a56,sW3nCK,Bergstrom-Hane,17-08-2023,31-08-2023,Intern
6614e93cfc13ae5d25ab9d23,hW2nZK,Kling and Sons,17-08-2023,31-08-2023,Consulting
6614e93bfc13ae5d25ab9b6b,eZ9wDK,"Trantow, Kautzer and Gerhold",21-07-2023,01-09-2023,Software_Developper
6614e93bfc13ae5d25ab9b4c,pZ8yHK,"Bruen, Rippin and MacGyver",28-07-2023,01-09-2023,Software_Developper
6614e93bfc13ae5d25ab9b95,lW3xDK,Bechtelar Group,28-07-2023,01-09-2023,Consulting
6614e93bfc13ae5d25ab9b62,mJ2yDK,Kris Group,04-08-2023,01-09-2023,Software_Developper
6614e93cfc13ae5d25ab9c6b,uK3rQD,Rowe LLC,04-08-2023,01-09-2023,Software_Developper
6614e93afc13ae5d25ab9970,dCfWQV,Franecki LLC,18-08-2023,01-09-2023,Software_Developper
6614e93bfc13ae5d25ab9b89,tP9xDK,Schultz Inc,18-08-2023,01-09-2023,Consulting
6614e93cfc13ae5d25ab9d22,kD8nRO,Stehr and Sons,18-08-2023,01-09-2023,Software_Developper
6614e93cfc13ae5d25ab9c09,tD9xDK,Quigley-Fahey,05-08-2023,02-09-2023,Software_Developper
6614e93cfc13ae5d25ab9d03,fL5wHM,Aufderhar-Cremin,12-08-2023,02-09-2023,Software_Developper
6614e93afc13ae5d25ab9971,9FtXmP,"Quigley, Donnelly and Kozey",19-08-2023,02-09-2023,Software_Developper
6614e93afc13ae5d25ab99c4,pJ9wSO,Bradtke-Becker,19-08-2023,02-09-2023,Software_Developper
6614e93bfc13ae5d25ab9b02,jH2mIK,"Reynolds, Hamill and Berge",23-07-2023,03-09-2023,Software_Developper
6614e93cfc13ae5d25ab9baa,mQ4xDK,Renner Group,30-07-2023,03-09-2023,Software_Developper
6614e93cfc13ae5d25ab9ce2,jH3eFT,Beatty-Muller,30-07-2023,03-09-2023,Software_Developper
6614e93cfc13ae5d25ab9c8c,cR6tXD,"Emard, Yost and Bergstrom",20-08-2023,03-09-2023,Software_Developper
6614e93afc13ae5d25ab9a51,gC6vYR,"Mohr, Morar and King",24-07-2023,04-09-2023,Intern
6614e93afc13ae5d25ab9a45,pR2jYE,"Reichert, Luettgen and Kuphal",07-08-2023,04-09-2023,Consulting
6614e93cfc13ae5d25ab9c30,gX8vDK,"Gutkowski, Nitzsche and Hahn",14-08-2023,04-09-2023,Software_Developper
6614e93cfc13ae5d25ab9c44,wM5yUQ,Howell-Schmidt,14-08-2023,04-09-2023,Software_Developper
6614e93cfc13ae5d25ab9d0f,lI3eGQ,Weber LLC,14-08-2023,04-09-2023,Software_Developper
6614e93cfc13ae5d25ab9d36,lR7sFV,Kihn-Mueller,25-07-2023,05-09-2023,Software_Developper
6614e93cfc13ae5d25ab9c3f,xR6cYK,Strosin Inc,01-08-2023,05-09-2023,Consulting
6614e93bfc13ae5d25ab9a96,pZ3xJK,Corkery-Legros,02-08-2023,06-09-2023,Software_Developper
6614e93cfc13ae5d25ab9ba3,eS6zDK,"Altenwerth, Smitham and Haley",02-08-2023,06-09-2023,Consulting
6614e93afc13ae5d25ab9983,cT5sQW,"Balistreri, Hirthe and Armstrong",09-08-2023,06-09-2023,Software_Developper
6614e93cfc13ae5d25ab9bbe,dL6sDK,Zulauf Inc,03-08-2023,07-09-2023,Software_Developper
6614e93cfc13ae5d25ab9d42,gP5rIU,"Volkman, Larkin and Bednar",10-08-2023,07-09-2023,Software_Developper
6614e93afc13ae5d25ab99e8,gS8wXZ,Muller LLC,24-08-2023,07-09-2023,Consulting
6614e93bfc13ae5d25ab9a94,rV7tEB,Breitenberg and Sons,28-07-2023,08-09-2023,Software_Developper
6614e93cfc13ae5d25ab9c07,jU8zDK,Mayert-Torphy,28-07-2023,08-09-2023,Consulting
6614e93cfc13ae5d25ab9d48,jM5qPR,Nitzsche-Koch,28-07-2023,08-09-2023,Software_Developper
6614e93cfc13ae5d25ab9cd1,uJ4hCN,Thompson and Sons,29-07-2023,09-09-2023,Software_Developper
6614e93afc13ae5d25ab9a88,nC1jUG,Cormier Group,05-08-2023,09-09-2023,Software_Developper
6614e93cfc13ae5d25ab9bd8,gU6yDK,Rolfson Group,12-08-2023,09-09-2023,Software_Developper
6614e93cfc13ae5d25ab9d14,xP4vZL,Steuber and Sons,12-08-2023,09-09-2023,Software_Developper
6614e93bfc13ae5d25ab9b21,pC7tDI,Mayert Group,20-08-2023,10-09-2023,Software_Developper
6614e93bfc13ae5d25ab9ace,qJ9eFC,"Upton, Upton and Willms",31-07-2023,11-09-2023,Software_Developper
6614e93cfc13ae5d25ab9bc6,dS4sDK,"Schulist, Hammes and Fisher",07-08-2023,11-09-2023,Software_Developper
6614e93bfc13ae5d25ab9b05,pL2jSE,Rau-D'Amore,14-08-2023,11-09-2023,Software_Developper
6614e93bfc13ae5d25ab9b00,vN6pJC,"Cruickshank, Klocko and Russel",21-08-2023,11-09-2023,Software_Developper
6614e93bfc13ae5d25ab9b66,dR3qDK,Dach-Schultz,28-08-2023,11-09-2023,Software_Developper
6614e93afc13ae5d25ab99a1,vA6oPC,Harvey Inc,01-08-2023,12-09-2023,Software_Developper
6614e93cfc13ae5d25ab9ca1,vN6zQO,"McCullough, Kilback and Cronin",02-08-2023,13-09-2023,Software_Developper
6614e93bfc13ae5d25ab9b4d,lG5pQK,"Hagenes, Feeney and Kassulke",16-08-2023,13-09-2023,Software_Developper
6614e93cfc13ae5d25ab9c22,mD6rDK,Kessler Group,16-08-2023,13-09-2023,Software_Developper
6614e93cfc13ae5d25ab9d3e,hH6jGR,Ferry Group,16-08-2023,13-09-2023,Software_Developper
6614e93cfc13ae5d25ab9d4e,qS3rJG,Pfeffer and Sons,10-08-2023,14-09-2023,Software_Developper
6614e93cfc13ae5d25ab9d16,nE9tSD,"Corkery, Wiegand and Kovacek",17-08-2023,14-09-2023,Software_Developper
6614e93cfc13ae5d25ab9cd0,jF4tHB,Schmidt-McKenzie,31-08-2023,14-09-2023,Software_Developper
6614e93afc13ae5d25ab99ce,xT6xWZ,"Wyman, Langosh and Wiegand",11-08-2023,15-09-2023,Software_Developper
6614e93bfc13ae5d25ab9b40,hM8dLJ,"Bergstrom, Schamberger and Brown",11-08-2023,15-09-2023,Software_Developper
6614e93cfc13ae5d25ab9bc9,tL9vDK,"Corwin, Wiza and Fritsch",25-08-2023,15-09-2023,Software_Developper
6614e93cfc13ae5d25ab9bc4,pY9wDK,Hagenes Group,12-08-2023,16-09-2023,Software_Developper
6614e93cfc13ae5d25ab9cb4,mQ1zFA,"Breitenberg, Bartoletti and Gerhold",05-09-2023,19-09-2023,Consulting
6614e93cfc13ae5d25ab9d26,gE5yLR,Franecki-Kassulke,05-09-2023,19-09-2023,Consulting
6614e93afc13ae5d25ab9a38,rX8eDB,Wintheiser LLC,06-09-2023,20-09-2023,Intern
6614e93cfc13ae5d25ab9cea,cB5yWF,Kohler-Blanda,06-09-2023,20-09-2023,Consulting
6614e93afc13ae5d25ab9a2c,dP7qZL,"Kirlin, Hills and Lowe",10-08-2023,21-09-2023,Intern
6614e93cfc13ae5d25ab9cae,kZ2nFE,Torphy Inc,17-08-2023,21-09-2023,Software_Developper
6614e93cfc13ae5d25ab9ccf,pM8rTS,Walsh Inc,11-08-2023,22-09-2023,Software_Developper
6614e93cfc13ae5d25ab9d4a,tK9eIW,"Wuckert, Boehm and Jerde",25-08-2023,22-09-2023,Software_Developper
6614e93afc13ae5d25ab99c2,nV3zEL,"Crist, Harvey and Heaney",19-08-2023,23-09-2023,Software_Developper
6614e93bfc13ae5d25ab9b11,lG4vDK,Hamill Group,19-08-2023,23-09-2023,Consulting
6614e93cfc13ae5d25ab9cd3,dH2pOM,Parisian-Kozey,19-08-2023,23-09-2023,Consulting
6614e93bfc13ae5d25ab9ad4,tZ2hPJ,Ankunding Inc,26-08-2023,23-09-2023,Consulting
6614e93cfc13ae5d25ab9cb1,gS8wXZ,Leuschke-Zieme,13-08-2023,24-09-2023,Software_Developper
6614e93afc13ae5d25ab9a2d,iY8jCF,Fay and Sons,27-08-2023,24-09-2023,Intern
6614e93cfc13ae5d25ab9d27,fF7uGH,Corwin Inc,27-08-2023,24-09-2023,Consulting
6614e93afc13ae5d25ab9993,nZ6vAI,"Rogahn, Hessel and Sporer",03-09-2023,24-09-2023,Software_Developper
6614e93bfc13ae5d25ab9ae0,gW6fZT,Feeney LLC,03-09-2023,24-09-2023,Software_Developper
6614e93afc13ae5d25ab9a05,rN8kXD,McCullough-Lemke,10-09-2023,24-09-2023,Software_Developper
6614e93cfc13ae5d25ab9c76,eT7gXV,Wehner and Sons,10-09-2023,24-09-2023,Software_Developper
6614e93afc13ae5d25ab9a4b,xP4vZL,McLaughlin-Thiel,14-08-2023,25-09-2023,Intern
6614e93cfc13ae5d25ab9c5f,eP2yTW,Leannon-Ondricka,14-08-2023,25-09-2023,Software_Developper
6614e93afc13ae5d25ab9a34,pG9eKD,"Jenkins, Parker and Prosacco",28-08-2023,25-09-2023,Intern
6614e93afc13ae5d25ab99cb,qH3gRE,Hane-Schumm,04-09-2023,25-09-2023,Consulting
6614e93afc13ae5d25ab9973,pN2hXZ,Corwin LLC,11-09-2023,25-09-2023,Software_Developper
6614e93cfc13ae5d25ab9d07,jW1xRQ,Lind-Leffler,15-08-2023,26-09-2023,Software_Developper
6614e93bfc13ae5d25ab9b93,eZ7rDK,Jaskolski Inc,13-09-2023,27-09-2023,Consulting
6614e93cfc13ae5d25ab9d18,vK6yUD,Abernathy-Kulas,17-08-2023,28-09-2023,Software_Developper
6614e93bfc13ae5d25ab9b0d,mS6pWI,Crooks Inc,14-09-2023,28-09-2023,Consulting
6614e93cfc13ae5d25ab9bc0,gS8yDK,Lindgren Group,15-09-2023,29-09-2023,Software_Developper
6614e93afc13ae5d25ab9a55,eZ6rQD,Langosh Group,20-08-2023,01-10-2023,Intern
6614e93afc13ae5d25ab99b9,uM3oVA,"Ullrich, McGlynn and Smith",27-08-2023,01-10-2023,Software_Developper
6614e93cfc13ae5d25ab9bb9,tY6vDK,"Goldner, Champlin and Hessel",03-09-2023,01-10-2023,Software_Developper
6614e93afc13ae5d25ab9a0a,dH2pOM,Lind LLC,10-09-2023,01-10-2023,Consulting
6614e93bfc13ae5d25ab9b3e,jP6sEK,Ratke-Schaden,10-09-2023,01-10-2023,Software_Developper
6614e93afc13ae5d25ab9a67,qD5fSK,Heaney Inc,21-08-2023,02-10-2023,Software_Developper
6614e93afc13ae5d25ab997d,vK7dIT,"Hermann, Donnelly and Konopelski",28-08-2023,02-10-2023,Software_Developper
6614e93bfc13ae5d25ab9aa6,qN3kVT,"Paucek, Zboncak and Borer",28-08-2023,02-10-2023,Software_Developper
6614e93bfc13ae5d25ab9b48,gN4jDK,"Boyer, Wilkinson and Effertz",28-08-2023,02-10-2023,Software_Developper
6614e93afc13ae5d25ab9a76,kU4qCX,Padberg-Metz,04-09-2023,02-10-2023,Software_Developper
6614e93afc13ae5d25ab9a48,mH5fTP,Moen-Kovacek,18-09-2023,02-10-2023,Intern
6614e93bfc13ae5d25ab9acc,eB4mGR,Klocko-Rau,05-09-2023,03-10-2023,Software_Developper
6614e93bfc13ae5d25ab9b55,lB4zSK,"Altenwerth, Trantow and Lockman",20-09-2023,04-10-2023,Software_Developper
6614e93afc13ae5d25ab9a7c,nO2uXT,Brekke-Grady,07-09-2023,05-10-2023,Software_Developper
6614e93bfc13ae5d25ab9b03,tA4zRL,Wiza LLC,21-09-2023,05-10-2023,Consulting
6614e93afc13ae5d25ab99d8,vN6zQO,Schulist Group,25-08-2023,06-10-2023,Software_Developper
6614e93cfc13ae5d25ab9cde,cS4eFD,Kiehn and Sons,01-09-2023,06-10-2023,Software_Developper
6614e93cfc13ae5d25ab9cad,pB4zYO,Bernhard-Thompson,15-09-2023,06-10-2023,Software_Developper
6614e93afc13ae5d25ab9a2a,fA6mJZ,Wyman-Dicki,09-09-2023,07-10-2023,Intern
6614e93cfc13ae5d25ab9d13,iJ3tQH,Windler Inc,09-09-2023,07-10-2023,Software_Developper
6614e93afc13ae5d25ab9a24,vN5qTA,Quitzon-Ernser,16-09-2023,07-10-2023,Consulting
6614e93afc13ae5d25ab9984,fA6iZL,Windler-Flatley,28-08-2023,09-10-2023,Software_Developper
6614e93cfc13ae5d25ab9d32,eK3qFN,Nolan-Zboncak,25-09-2023,09-10-2023,Software_Developper
6614e93afc13ae5d25ab9a85,qS3rJG,"Little, Bruen and Stoltenberg",05-09-2023,10-10-2023,Software_Developper
6614e93bfc13ae5d25ab9aa8,gZ1mFH,"DuBuque, Bayer and Kreiger",26-09-2023,10-10-2023,Software_Developper
6614e93cfc13ae5d25ab9c86,sT6wLC,Connelly Group,26-09-2023,10-10-2023,Software_Developper
6614e93cfc13ae5d25ab9d1e,eZ6rQD,Reichel-Gutmann,26-09-2023,10-10-2023,Software_Developper
6614e93cfc13ae5d25ab9d4f,vL2zTK,"Kuphal, Tromp and Kuhn",26-09-2023,10-10-2023,Software_Developper
6614e93afc13ae5d25ab9a31,aB5dKU,"Fritsch, Strosin and Ward",31-08-2023,12-10-2023,Intern
6614e93cfc13ae5d25ab9cdc,lY9oSB,Hintz and Sons,07-09-2023,12-10-2023,Software_Developper
6614e93bfc13ae5d25ab9ad2,dV4pRE,Streich Group,21-09-2023,12-10-2023,Software_Developper
6614e93afc13ae5d25ab997c,hCv6GB,Barton-Torphy,28-09-2023,12-10-2023,Software_Developper
6614e93afc13ae5d25ab9a20,mK1vRS,Legros-Hilpert,16-09-2023,14-10-2023,Intern
6614e93cfc13ae5d25ab9d2e,bQ1gKL,"Huels, O'Conner and Moen",30-09-2023,14-10-2023,Software_Developper
6614e93afc13ae5d25ab99a7,sH6zAN,"Krajcik, Rosenbaum and Barrows",10-09-2023,15-10-2023,Software_Developper
6614e93bfc13ae5d25ab9ab0,dW4sZK,"Nader, Bode and Schuster",01-10-2023,15-10-2023,Software_Developper
6614e93cfc13ae5d25ab9d2c,pO9eJC,"Okuneva, Balistreri and Brakus",25-09-2023,16-10-2023,Software_Developper
6614e93cfc13ae5d25ab9c53,qF9tBY,"Wisozk, Shanahan and Schimmel",13-09-2023,18-10-2023,Consulting
6614e93afc13ae5d25ab9a0d,fH8sLB,Gleason Inc,20-09-2023,18-10-2023,Consulting
6614e93bfc13ae5d25ab9a92,sB3pFK,Jacobs and Sons,20-09-2023,18-10-2023,Consulting
6614e93afc13ae5d25ab9a3a,fL5wHM,Rolfson-Mohr,07-09-2023,19-10-2023,Intern
6614e93afc13ae5d25ab99ac,nZ5wUE,Funk-Paucek,21-09-2023,19-10-2023,Consulting
6614e93bfc13ae5d25ab9ae6,tV7mQE,"Jakubowski, Yundt and Denesik",05-10-2023,19-10-2023,Software_Developper
6614e93cfc13ae5d25ab9d38,wX5zTG,"Sanford, Mante and Hammes",15-09-2023,20-10-2023,Software_Developper
6614e93afc13ae5d25ab9a3c,nT6wRO,"Jakubowski, Hansen and Lowe",06-10-2023,20-10-2023,Intern
6614e93afc13ae5d25ab9a29,pW4fCN,Bernier Inc,23-09-2023,21-10-2023,Intern
6614e93afc13ae5d25ab9a79,gP5rIU,Wiza LLC,07-10-2023,21-10-2023,Consulting
6614e93cfc13ae5d25ab9c62,oJ3dMG,"Wiza, Hermann and Lynch",07-10-2023,21-10-2023,Software_Developper
6614e93bfc13ae5d25ab9ae7,pO1vGF,Goodwin Inc,24-09-2023,22-10-2023,Software_Developper
6614e93cfc13ae5d25ab9ca4,rM5wUJ,Nolan-Muller,11-09-2023,23-10-2023,Consulting
6614e93cfc13ae5d25ab9c6e,mP9wEH,"Jast, Mraz and Grimes",09-10-2023,23-10-2023,Software_Developper
6614e93cfc13ae5d25ab9c5d,dT1xWJ,Smith and Sons,12-09-2023,24-10-2023,Software_Developper
6614e93afc13ae5d25ab9a70,mA9yKI,Harris and Sons,13-09-2023,25-10-2023,Software_Developper
6614e93cfc13ae5d25ab9ce7,gP8jYC,"Hansen, Schinner and Brekke",13-09-2023,25-10-2023,Software_Developper
6614e93bfc13ae5d25ab9aec,qK8zJW,"Raynor, Rodriguez and Zboncak",04-10-2023,25-10-2023,Software_Developper
6614e93cfc13ae5d25ab9c16,dP9zDK,Bogisich-Goyette,11-10-2023,25-10-2023,Consulting
6614e93cfc13ae5d25ab9c29,tH1wDK,Bailey-Bergnaum,14-09-2023,26-10-2023,Consulting
6614e93bfc13ae5d25ab9b99,tB2wDK,"Boyer, Gottlieb and Stracke",28-09-2023,26-10-2023,Software_Developper
6614e93cfc13ae5d25ab9cc6,nW1pVF,"Larkin, Kertzmann and Kassulke",28-09-2023,26-10-2023,Software_Developper
6614e93afc13ae5d25ab9978,uG4oPJ,Price Inc,05-10-2023,26-10-2023,Consulting
6614e93bfc13ae5d25ab9b5f,jN9zDK,Considine-Haley,05-10-2023,26-10-2023,Software_Developper
6614e93cfc13ae5d25ab9bfb,eU8zDK,Bechtelar and Sons,22-09-2023,27-10-2023,Software_Developper
6614e93afc13ae5d25ab998a,qF9tBY,O'Keefe Inc,06-10-2023,27-10-2023,Software_Developper
6614e93bfc13ae5d25ab9b80,gD2xDK,Feeney-Langworth,06-10-2023,27-10-2023,Software_Developper
6614e93afc13ae5d25ab99f8,yG6vFA,"Heaney, Wyman and Gorczany",16-09-2023,28-10-2023,Software_Developper
6614e93bfc13ae5d25ab9b41,tZ7fXK,"Kihn, Labadie and Wyman",23-09-2023,28-10-2023,Software_Developper
6614e93cfc13ae5d25ab9be5,lQ5vDK,"Kirlin, Abernathy and Ferry",07-10-2023,28-10-2023,Software_Developper
6614e93cfc13ae5d25ab9bf2,mX5zDK,Pagac-Kuvalis,07-10-2023,28-10-2023,Consulting
6614e93cfc13ae5d25ab9c20,gL5vDK,MacGyver Group,07-10-2023,28-10-2023,Software_Developper
6614e93cfc13ae5d25ab9d00,wA4sLZ,Will-Hartmann,24-09-2023,29-10-2023,Software_Developper
6614e93afc13ae5d25ab99d5,iL2wZY,Bosco and Sons,15-10-2023,29-10-2023,Consulting
6614e93afc13ae5d25ab9a66,lN8rCI,Klocko Group,09-10-2023,30-10-2023,Software_Developper
6614e93bfc13ae5d25ab9ab4,eG5xCI,"Emard, Breitenberg and Crist",17-10-2023,31-10-2023,Software_Developper
6614e93cfc13ae5d25ab9c80,qZ4ySL,Schulist Inc,17-10-2023,31-10-2023,Consulting
6614e93cfc13ae5d25ab9c0b,eH5vDK,Stamm-Bednar,12-10-2023,02-11-2023,Consulting
6614e93cfc13ae5d25ab9b9c,pZ2zDK,Senger-Rath,22-09-2023,03-11-2023,Software_Developper
6614e93cfc13ae5d25ab9bf8,gL3sDK,Braun-Reynolds,13-10-2023,03-11-2023,Software_Developper
6614e93bfc13ae5d25ab9b1b,dX1kFI,Lubowitz and Sons,30-09-2023,04-11-2023,Consulting
6614e93bfc13ae5d25ab9b46,dZ3mLK,Price LLC,30-09-2023,04-11-2023,Software_Developper
6614e93cfc13ae5d25ab9d28,jG3qZL,Douglas-Berge,21-10-2023,04-11-2023,Consulting
6614e93bfc13ae5d25ab9ae9,dB4mYK,Shields-Jacobs,15-10-2023,05-11-2023,Software_Developper
6614e93bfc13ae5d25ab9b06,lX9fVB,"Gislason, Gusikowski and Ratke",22-10-2023,05-11-2023,Consulting
6614e93cfc13ae5d25ab9cb3,vK7yRE,Runte-Wyman,02-10-2023,06-11-2023,Software_Developper
6614e93cfc13ae5d25ab9bad,lM4zDK,Schaefer and Sons,16-10-2023,06-11-2023,Software_Developper
6614e93cfc13ae5d25ab9ca6,yG6vFA,Dickens-Tillman,16-10-2023,06-11-2023,Software_Developper
6614e93bfc13ae5d25ab9b7e,dU2yDK,"Kilback, Becker and Swift",23-10-2023,06-11-2023,Software_Developper
6614e93afc13ae5d25ab9a82,sN6wBO,"Runolfsdottir, Borer and Hilpert",24-10-2023,07-11-2023,Software_Developper
6614e93cfc13ae5d25ab9c75,nZ5wUE,"Raynor, Gibson and Roob",24-10-2023,07-11-2023,Software_Developper
6614e93bfc13ae5d25ab9b85,lK2sDK,Kris Group,27-09-2023,08-11-2023,Software_Developper
6614e93cfc13ae5d25ab9c5c,nZ6vAI,"Baumbach, Purdy and Hettinger",04-10-2023,08-11-2023,Consulting
6614e93cfc13ae5d25ab9c70,sH6zAN,"Hudson, Romaguera and Padberg",11-10-2023,08-11-2023,Software_Developper
6614e93bfc13ae5d25ab9b90,gZ5xDK,"Price, Greenholt and Harber",18-10-2023,08-11-2023,Consulting
6614e93cfc13ae5d25ab9d19,uZ4rBA,Bradtke Group,18-10-2023,08-11-2023,Software_Developper
6614e93cfc13ae5d25ab9d25,uT6zJX,"Witting, Kautzer and Fahey",18-10-2023,08-11-2023,Software_Developper
6614e93cfc13ae5d25ab9d24,iM1kAE,Wiegand Inc,25-10-2023,08-11-2023,Software_Developper
6614e93cfc13ae5d25ab9d2f,lN8rCI,Daugherty-Kub,25-10-2023,08-11-2023,Software_Developper
6614e93bfc13ae5d25ab9b8d,lW4qDK,Harber LLC,28-09-2023,09-11-2023,Software_Developper
6614e93afc13ae5d25ab9a5e,fF7uGH,Larkin-Ritchie,27-10-2023,10-11-2023,Software_Developper
6614e93afc13ae5d25ab9a06,pM8rTS,Kilback-Nienow,30-09-2023,11-11-2023,Software_Developper
6614e93afc13ae5d25ab999b,cL9hEV,"Doyle, Schultz and Zulauf",28-10-2023,11-11-2023,Consulting
6614e93afc13ae5d25ab99bd,sT6wLC,"Rosenbaum, Robel and Kutch",15-10-2023,12-11-2023,Software_Developper
6614e93afc13ae5d25ab99a5,mP9wEH,"Wisozk, Bins and Kohler",22-10-2023,12-11-2023,Software_Developper
6614e93cfc13ae5d25ab9d1a,gC6vYR,O'Connell-Yost,16-10-2023,13-11-2023,Software_Developper
6614e93afc13ae5d25ab996d,b3B62L,Schmidt-Cassin,30-10-2023,13-11-2023,Software_Developper
6614e93afc13ae5d25ab99d2,tF3kXZ,Berge Inc,03-10-2023,14-11-2023,Consulting
6614e93afc13ae5d25ab9a22,yS9zXK,"Wilkinson, Mosciski and Kerluke",03-10-2023,14-11-2023,Consulting
6614e93bfc13ae5d25ab9b6a,mS2qDK,"Beatty, Howe and Nolan",24-10-2023,14-11-2023,Consulting
6614e93afc13ae5d25ab99ef,oG2hXR,Wilderman and Sons,01-11-2023,15-11-2023,Software_Developper
6614e93cfc13ae5d25ab9c47,oL2eFA,"Wilderman, Cassin and Baumbach",01-11-2023,15-11-2023,Software_Developper
6614e93bfc13ae5d25ab9a99,gK4dTA,"Friesen, Marquardt and Gleichner",12-10-2023,16-11-2023,Software_Developper
6614e93bfc13ae5d25ab9b47,jS9rMI,Schiller-Daniel,19-10-2023,16-11-2023,Software_Developper
6614e93cfc13ae5d25ab9c4b,nP8uCH,"Kassulke, Williamson and Kassulke",19-10-2023,16-11-2023,Software_Developper
6614e93afc13ae5d25ab9a8a,jK5hAQ,"Ernser, Lynch and Denesik",26-10-2023,16-11-2023,Consulting
6614e93afc13ae5d25ab9976,xR6cYK,Leannon-Grimes,20-10-2023,17-11-2023,Software_Developper
6614e93cfc13ae5d25ab9c43,aN1pVK,Lind Inc,27-10-2023,17-11-2023,Software_Developper
6614e93cfc13ae5d25ab9d44,wB4sUK,"Stroman, Dare and Klocko",21-10-2023,18-11-2023,Software_Developper
6614e93cfc13ae5d25ab9d4d,uW9zJL,Gibson-Kuhic,21-10-2023,18-11-2023,Software_Developper
6614e93cfc13ae5d25ab9b9b,eZ5sDK,"Sporer, Kshlerin and Lind",22-10-2023,19-11-2023,Consulting
6614e93cfc13ae5d25ab9c33,eS1wDK,Torp-Upton,07-11-2023,21-11-2023,Software_Developper
6614e93afc13ae5d25ab99ae,pW6rPB,"Ebert, Parker and Heathcote",08-11-2023,22-11-2023,Software_Developper
6614e93afc13ae5d25ab9a30,hK4vNU,Yost-Reichel,08-11-2023,22-11-2023,Consulting
6614e93cfc13ae5d25ab9c18,gT2wDK,"Nolan, Reinger and Jacobson",19-10-2023,23-11-2023,Software_Developper
6614e93cfc13ae5d25ab9cd9,mX5wJO,Okuneva and Sons,13-10-2023,24-11-2023,Software_Developper
6614e93bfc13ae5d25ab9abc,sY3lPA,Haag-Hilpert,20-10-2023,24-11-2023,Software_Developper
6614e93bfc13ae5d25ab9b8e,dT2vDK,Schmidt Inc,03-11-2023,24-11-2023,Software_Developper
6614e93bfc13ae5d25ab9b38,tS3xMJ,Zulauf-Frami,14-10-2023,25-11-2023,Software_Developper
6614e93afc13ae5d25ab9a78,eM8qWG,White and Sons,28-10-2023,25-11-2023,Software_Developper
6614e93cfc13ae5d25ab9d52,hV9sOI,Quitzon-Wilderman,11-11-2023,25-11-2023,Software_Developper
6614e93cfc13ae5d25ab9bc7,jB1xDK,"Hartmann, Ryan and Schroeder",29-10-2023,26-11-2023,Consulting
6614e93afc13ae5d25ab9999,oJ3dMG,Brakus Group,05-11-2023,26-11-2023,Software_Developper
6614e93cfc13ae5d25ab9c66,rT7zQO,"Weber, Wisoky and Larkin",16-10-2023,27-11-2023,Consulting
6614e93afc13ae5d25ab9a49,qA6yNJ,Morissette LLC,23-10-2023,27-11-2023,Intern
6614e93cfc13ae5d25ab9c61,yW3rDQ,Ledner LLC,30-10-2023,27-11-2023,Software_Developper
6614e93afc13ae5d25ab9a7a,xZ7vHD,Cormier and Sons,31-10-2023,28-11-2023,Software_Developper
6614e93cfc13ae5d25ab9d01,rX8eDB,Kunze-Beer,07-11-2023,28-11-2023,Software_Developper
6614e93afc13ae5d25ab9981,zR1gEX,Davis-Feeney,14-11-2023,28-11-2023,Consulting
6614e93afc13ae5d25ab9a6b,aU4oEP,"Bergstrom, Kris and Hartmann",14-11-2023,28-11-2023,Consulting
6614e93bfc13ae5d25ab9aae,sJ1vTK,Miller Group,14-11-2023,28-11-2023,Software_Developper
6614e93bfc13ae5d25ab9ac6,gN6uSI,Hirthe-Goyette,14-11-2023,28-11-2023,Software_Developper
6614e93afc13ae5d25ab99a3,qY2xWT,"Pollich, Fadel and Conn",01-11-2023,29-11-2023,Software_Developper
6614e93bfc13ae5d25ab9b54,pW6sDK,Schultz-Berge,15-11-2023,29-11-2023,Software_Developper
6614e93cfc13ae5d25ab9c9a,iG8wVG,"Herzog, Farrell and Murray",02-11-2023,30-11-2023,Software_Developper
6614e93cfc13ae5d25ab9d09,uH5dBT,Littel-Schamberger,02-11-2023,30-11-2023,Software_Developper
6614e93afc13ae5d25ab9a19,jH3eFT,"Williamson, Block and Maggio",16-11-2023,30-11-2023,Intern
6614e93bfc13ae5d25ab9a8d,gF1wNJ,Rau and Sons,16-11-2023,30-11-2023,Software_Developper
6614e93bfc13ae5d25ab9a90,qG4jNH,Glover-Dach,03-11-2023,01-12-2023,Software_Developper
6614e93cfc13ae5d25ab9c1c,pG9vDK,"Kulas, Skiles and Wyman",03-11-2023,01-12-2023,Consulting
6614e93bfc13ae5d25ab9b81,tK7zDK,"Morissette, Paucek and Reynolds",10-11-2023,01-12-2023,Software_Developper
6614e93cfc13ae5d25ab9b9a,mU9rDK,Hauck Group,17-11-2023,01-12-2023,Software_Developper
6614e93cfc13ae5d25ab9c2c,pZ8rDK,"Hansen, Stokes and Thiel",17-11-2023,01-12-2023,Software_Developper
6614e93cfc13ae5d25ab9cfe,sU1zKF,"Schiller, Ziemann and Gorczany",28-10-2023,02-12-2023,Software_Developper
6614e93cfc13ae5d25ab9c81,rJ6sGF,Hammes LLC,11-11-2023,02-12-2023,Software_Developper
6614e93afc13ae5d25ab9a1c,uV4zPC,Cummerata-Langosh,18-11-2023,02-12-2023,Intern
6614e93afc13ae5d25ab996f,sFbM85,Raynor-Robel,22-10-2023,03-12-2023,Software_Developper
6614e93bfc13ae5d25ab9ada,mO6wXB,Zulauf-Beatty,22-10-2023,03-12-2023,Software_Developper
6614e93cfc13ae5d25ab9cf6,iY8jCF,Lowe-Bogisich,12-11-2023,03-12-2023,Software_Developper
6614e93bfc13ae5d25ab9b22,lH9zCI,Champlin Group,23-10-2023,04-12-2023,Software_Developper
6614e93afc13ae5d25ab9a37,wA4sLZ,Erdman Group,30-10-2023,04-12-2023,Consulting
6614e93cfc13ae5d25ab9cbc,vP4kQX,Stiedemann Inc,30-10-2023,04-12-2023,Software_Developper
6614e93bfc13ae5d25ab9ac9,jI9wER,"Effertz, Prohaska and Windler",06-11-2023,04-12-2023,Software_Developper
6614e93afc13ae5d25ab9a80,hY8zFD,Marquardt-Johns,20-11-2023,04-12-2023,Consulting
6614e93cfc13ae5d25ab9d43,xZ7vHD,Wiza-White,20-11-2023,04-12-2023,Software_Developper
6614e93afc13ae5d25ab9a13,lY9oSB,"Lakin, Hodkiewicz and Brekke",31-10-2023,05-12-2023,Intern
6614e93cfc13ae5d25ab9bf5,lG8wDK,"Dooley, Pfeffer and Spinka",08-11-2023,06-12-2023,Software_Developper
6614e93afc13ae5d25ab99c0,oY5qAP,"Emard, Hintz and Welch",15-11-2023,06-12-2023,Software_Developper
6614e93cfc13ae5d25ab9d0d,aN7tGB,"Abernathy, Zemlak and Becker",22-11-2023,06-12-2023,Consulting
6614e93cfc13ae5d25ab9bac,pZ3rDK,Kohler LLC,10-11-2023,08-12-2023,Software_Developper
6614e93cfc13ae5d25ab9bf0,gP7rDK,"Wunsch, Becker and Reinger",18-11-2023,09-12-2023,Consulting
6614e93afc13ae5d25ab9996,eP2yTW,Hettinger Group,12-11-2023,10-12-2023,Software_Developper
6614e93afc13ae5d25ab99c6,eK4yZI,"Gorczany, Hills and Strosin",20-11-2023,11-12-2023,Software_Developper
6614e93cfc13ae5d25ab9c7e,fN9tBX,Frami-Douglas,20-11-2023,11-12-2023,Software_Developper
6614e93cfc13ae5d25ab9c26,dK4yDK,Prohaska-Schultz,27-11-2023,11-12-2023,Software_Developper
6614e93bfc13ae5d25ab9b49,tW9xZJ,Parker-Witting,14-11-2023,12-12-2023,Software_Developper
6614e93cfc13ae5d25ab9ba9,tQ8zDK,Wiza and Sons,21-11-2023,12-12-2023,Software_Developper
6614e93bfc13ae5d25ab9b07,dZ6rYK,Keebler-Walker,28-11-2023,12-12-2023,Software_Developper
6614e93bfc13ae5d25ab9b2a,pH1yAK,Schamberger-Goyette,28-11-2023,12-12-2023,Software_Developper
6614e93cfc13ae5d25ab9d41,eM8qWG,"Leuschke, Roberts and Jacobs",01-11-2023,13-12-2023,Consulting
6614e93bfc13ae5d25ab9ad3,jX5vAO,"O'Kon, Douglas and Hills",08-11-2023,13-12-2023,Software_Developper
6614e93cfc13ae5d25ab9bfd,lR4yDK,Cummerata-Pfeffer,15-11-2023,13-12-2023,Software_Developper
6614e93afc13ae5d25ab9a1a,kU7pXZ,"Brakus, Rogahn and Satterfield",22-11-2023,13-12-2023,Intern
6614e93bfc13ae5d25ab9abd,jH5tCI,"Kiehn, Spencer and Torp",22-11-2023,13-12-2023,Consulting
6614e93cfc13ae5d25ab9bb7,jT4sDK,Altenwerth-Tillman,02-11-2023,14-12-2023,Software_Developper
6614e93cfc13ae5d25ab9bab,eT6sDK,"Marvin, Moore and Nader",09-11-2023,14-12-2023,Software_Developper
6614e93afc13ae5d25ab99ab,oK8uHD,Jaskolski-Corwin,03-11-2023,15-12-2023,Software_Developper
6614e93bfc13ae5d25ab9b2f,tZ2vMK,Harvey Group,10-11-2023,15-12-2023,Software_Developper
6614e93cfc13ae5d25ab9ba2,mZ9wDK,Haag LLC,17-11-2023,15-12-2023,Software_Developper
6614e93afc13ae5d25ab9a64,yT4vXD,"Renner, Hintz and Spencer",24-11-2023,15-12-2023,Software_Developper
6614e93afc13ae5d25ab996b,rCQHMM,"Dicki, Harris and Rogahn",01-12-2023,15-12-2023,Software_Developper
6614e93afc13ae5d25ab9a11,wD5yVL,"Bradtke, Hayes and Ortiz",11-11-2023,16-12-2023,Intern
6614e93afc13ae5d25ab9a25,oT9vWL,Paucek Inc,11-11-2023,16-12-2023,Consulting
6614e93cfc13ae5d25ab9c2b,eS4vDK,Barton-Rutherford,18-11-2023,16-12-2023,Software_Developper
6614e93bfc13ae5d25ab9ab1,gY9jXO,Buckridge Group,25-11-2023,16-12-2023,Consulting
6614e93bfc13ae5d25ab9abb,vX6dRO,"D'Amore, Dach and Schamberger",25-11-2023,16-12-2023,Software_Developper
6614e93bfc13ae5d25ab9b96,dS6yDK,"Kertzmann, Hamill and Emard",02-12-2023,16-12-2023,Software_Developper
6614e93bfc13ae5d25ab9b43,eP1kHK,Herman-Feil,05-11-2023,17-12-2023,Software_Developper
6614e93cfc13ae5d25ab9bbd,lX1wDK,"Gulgowski, Stokes and Moen",19-11-2023,17-12-2023,Software_Developper
6614e93cfc13ae5d25ab9bcd,lT5zDK,"Heaney, Dickens and Von",26-11-2023,17-12-2023,Software_Developper
6614e93cfc13ae5d25ab9be4,pT9xDK,Thiel LLC,27-11-2023,18-12-2023,Software_Developper
6614e93bfc13ae5d25ab9b2c,dV3kZK,"Gulgowski, Altenwerth and Labadie",14-11-2023,19-12-2023,Software_Developper
6614e93bfc13ae5d25ab9b36,gN8fRK,Mueller-Kuhic,21-11-2023,19-12-2023,Software_Developper
6614e93cfc13ae5d25ab9bbf,jR2xDK,Kunze-Conroy,06-12-2023,20-12-2023,Software_Developper
6614e93cfc13ae5d25ab9c28,gT5xDK,Goldner Inc,09-11-2023,21-12-2023,Software_Developper
6614e93cfc13ae5d25ab9c37,iA8ZD9,O'Connell Inc,09-11-2023,21-12-2023,Software_Developper
6614e93afc13ae5d25ab99a8,zS3tYK,Anderson-Gusikowski,23-11-2023,21-12-2023,Software_Developper
6614e93bfc13ae5d25ab9b8a,mX8vDK,Rutherford-Cummerata,23-11-2023,21-12-2023,Software_Developper
6614e93afc13ae5d25ab99f0,sJ6zEN,"Trantow, Bednar and Hills",07-12-2023,21-12-2023,Consulting
6614e93bfc13ae5d25ab9b50,gN3yDK,"Haley, Bechtelar and Franecki",17-11-2023,22-12-2023,Software_Developper
6614e93cfc13ae5d25ab9c4d,fA6iZL,Bradtke LLC,08-12-2023,22-12-2023,Consulting
6614e93afc13ae5d25ab9a53,tQ9wBA,"McGlynn, Hansen and Dach",09-12-2023,23-12-2023,Consulting
6614e93afc13ae5d25ab9a18,dN6rVK,Mante-McDermott,19-11-2023,24-12-2023,Intern
6614e93cfc13ae5d25ab9bd9,tQ8sDK,"Weimann, Hintz and Turner",26-11-2023,24-12-2023,Software_Developper
6614e93bfc13ae5d25ab9b72,mN5sDK,Lowe-Harris,03-12-2023,24-12-2023,Software_Developper
6614e93cfc13ae5d25ab9c14,pS6vDK,Farrell-Stokes,13-11-2023,25-12-2023,Software_Developper
6614e93afc13ae5d25ab99ad,eT7gXV,Schaefer and Sons,04-12-2023,25-12-2023,Consulting
6614e93cfc13ae5d25ab9ccc,cS9vRI,"Nikolaus, Bogisich and Howell",04-12-2023,25-12-2023,Software_Developper
6614e93afc13ae5d25ab99b5,fN9tBX,Brakus-Runte,22-11-2023,27-12-2023,Consulting
6614e93bfc13ae5d25ab9b26,gA7zSI,"Murray, Bogan and Koch",22-11-2023,27-12-2023,Software_Developper
6614e93bfc13ae5d25ab9b5e,dE5yDK,Moen-Zieme,16-11-2023,28-12-2023,Software_Developper
6614e93cfc13ae5d25ab9ce0,sT2wUH,Bode-Treutel,23-11-2023,28-12-2023,Software_Developper
6614e93cfc13ae5d25ab9c19,tJ4zDK,"Kemmer, Haley and Rowe",07-12-2023,28-12-2023,Consulting
6614e93afc13ae5d25ab998e,uZ7sDJ,Schulist and Sons,14-12-2023,28-12-2023,Software_Developper
6614e93afc13ae5d25ab9a54,rM5wUJ,Fay-Welch,17-11-2023,29-12-2023,Consulting
6614e93cfc13ae5d25ab9cc1,yG6vFA,Hermann LLC,24-11-2023,29-12-2023,Software_Developper
6614e93cfc13ae5d25ab9cc7,oJ7pBD,Marks Inc,24-11-2023,29-12-2023,Consulting
6614e93bfc13ae5d25ab9b2d,jP7yDL,Rempel Group,01-12-2023,29-12-2023,Software_Developper
6614e93cfc13ae5d25ab9cc3,sA9xTF,Bogisich Group,01-12-2023,29-12-2023,Consulting
6614e93cfc13ae5d25ab9c3e,qT7nHS,"Reichel, Jerde and Dicki",18-11-2023,30-12-2023,Software_Developper
6614e93afc13ae5d25ab99bf,mG2nUK,Leffler-Schiller,25-11-2023,30-12-2023,Consulting
6614e93cfc13ae5d25ab9bc8,gN6rDK,Balistreri-Greenfelder,09-12-2023,30-12-2023,Software_Developper
6614e93cfc13ae5d25ab9ca5,bD4eVC,"Ernser, Blanda and Jast",16-12-2023,30-12-2023,Software_Developper
6614e93cfc13ae5d25ab9c04,pK8yDK,"Walker, Ullrich and Christiansen",17-12-2023,31-12-2023,Software_Developper
6614e93bfc13ae5d25ab9b0b,jH7tQL,Kozey-O'Conner,20-11-2023,01-01-2024,Software_Developper
6614e93bfc13ae5d25ab9b52,mR2wSK,Funk and Sons,20-11-2023,01-01-2024,Software_Developper
6614e93afc13ae5d25ab99ee,tF3kXZ,Thompson Inc,04-12-2023,01-01-2024,Software_Developper
6614e93afc13ae5d25ab9980,eF4bMJ,"Cole, Gusikowski and Ledner",11-12-2023,01-01-2024,Software_Developper
6614e93afc13ae5d25ab99df,oJ7pBD,Hayes-Cassin,19-12-2023,02-01-2024,Software_Developper
6614e93afc13ae5d25ab9a17,sT2wUH,Russel-Sporer,22-11-2023,03-01-2024,Consulting
6614e93afc13ae5d25ab99c9,aM2vFQ,"VonRueden, Bartell and Halvorson",13-12-2023,03-01-2024,Software_Developper
6614e93bfc13ae5d25ab9b16,tJ4wPK,Waelchi Group,23-11-2023,04-01-2024,Consulting
6614e93bfc13ae5d25ab9b13,jY2sLK,Hills Group,30-11-2023,04-01-2024,Software_Developper
6614e93afc13ae5d25ab9988,vJ5lRX,"McDermott, Carroll and Dare",07-12-2023,04-01-2024,Software_Developper
6614e93bfc13ae5d25ab9b3d,dV8jJK,Reilly Inc,07-12-2023,04-01-2024,Software_Developper
6614e93bfc13ae5d25ab9af0,hV7pZJ,McDermott Group,01-12-2023,05-01-2024,Software_Developper
6614e93cfc13ae5d25ab9c15,lX1sDK,"Halvorson, Ziemann and Beier",01-12-2023,05-01-2024,Software_Developper
6614e93bfc13ae5d25ab9aef,eR2dFS,Sawayn Inc,09-12-2023,06-01-2024,Software_Developper
6614e93cfc13ae5d25ab9c41,uG4oPJ,Keeling LLC,16-12-2023,06-01-2024,Software_Developper
6614e93cfc13ae5d25ab9c1a,mE6vDK,Rice-Parisian,03-12-2023,07-01-2024,Consulting
6614e93afc13ae5d25ab99cc,vW7mVD,"Kling, Berge and Schroeder",17-12-2023,07-01-2024,Software_Developper
6614e93afc13ae5d25ab9a5a,hW2nZK,"Deckow, Block and Schultz",24-12-2023,07-01-2024,Software_Developper
6614e93cfc13ae5d25ab9be0,gQ9yDK,Durgan and Sons,18-12-2023,08-01-2024,Software_Developper
6614e93cfc13ae5d25ab9c8a,hA8jWQ,Stracke-Hansen,18-12-2023,08-01-2024,Software_Developper
6614e93cfc13ae5d25ab9c73,wJ1nMF,Koepp-Ryan,05-12-2023,09-01-2024,Software_Developper
6614e93afc13ae5d25ab99de,hW2nZK,"Aufderhar, Mante and Kihn",26-12-2023,09-01-2024,Software_Developper
6614e93cfc13ae5d25ab9c77,pW6rPB,Johnson-Quitzon,13-12-2023,10-01-2024,Software_Developper
6614e93cfc13ae5d25ab9c5b,kL4qSU,Zemlak Inc,01-12-2023,12-01-2024,Software_Developper
6614e93cfc13ae5d25ab9ce8,rF2pIL,Murazik and Sons,15-12-2023,12-01-2024,Consulting
6614e93afc13ae5d25ab9a6e,hI3jXK,"Mills, Herman and Thiel",02-12-2023,13-01-2024,Software_Developper
6614e93cfc13ae5d25ab9bd4,pS9rDK,"Renner, Grady and Erdman",23-12-2023,13-01-2024,Software_Developper
6614e93bfc13ae5d25ab9b4a,mP1yFK,Jacobs LLC,03-12-2023,14-01-2024,Software_Developper
6614e93cfc13ae5d25ab9bca,mX3zDK,"Koch, Cronin and O'Hara",04-12-2023,15-01-2024,Software_Developper
6614e93afc13ae5d25ab9985,iR3kPA,Schulist LLC,11-12-2023,15-01-2024,Software_Developper
6614e93cfc13ae5d25ab9d49,hY8zFD,Huel-Schowalter,11-12-2023,15-01-2024,Software_Developper
6614e93afc13ae5d25ab9975,qT7nHS,Jast-Witting,18-12-2023,15-01-2024,Software_Developper
6614e93afc13ae5d25ab99cf,gD4fQA,Abshire-Kiehn,18-12-2023,15-01-2024,Software_Developper
6614e93afc13ae5d25ab9a41,sY6hLE,Senger Group,25-12-2023,15-01-2024,Intern
6614e93cfc13ae5d25ab9d0b,kG9wXV,Nader-Heathcote,01-01-2024,15-01-2024,Software_Developper
6614e93bfc13ae5d25ab9ad1,mC7tQO,Heidenreich Inc,12-12-2023,16-01-2024,Software_Developper
6614e93bfc13ae5d25ab9b7d,lK5xDK,Dickinson-Olson,06-12-2023,17-01-2024,Software_Developper
6614e93cfc13ae5d25ab9d40,qB9jLR,Kuphal-Rice,13-12-2023,17-01-2024,Software_Developper
6614e93cfc13ae5d25ab9c08,gT4vDK,Schmitt LLC,20-12-2023,17-01-2024,Software_Developper
6614e93afc13ae5d25ab9a0c,lX1gTE,Hudson-Wisoky,07-12-2023,18-01-2024,Software_Developper
6614e93cfc13ae5d25ab9c74,oK8uHD,Block-Bergnaum,21-12-2023,18-01-2024,Software_Developper
6614e93bfc13ae5d25ab9abe,mU8sXL,"Kozey, Kautzer and Langosh",04-01-2024,18-01-2024,Software_Developper
6614e93cfc13ae5d25ab9ca2,xR7gDI,"Jenkins, Swift and Kuvalis",04-01-2024,18-01-2024,Software_Developper
6614e93bfc13ae5d25ab9ac1,hB8fPA,"Brown, White and King",22-12-2023,19-01-2024,Software_Developper
6614e93cfc13ae5d25ab9cf8,lM3tXI,Mueller Inc,22-12-2023,19-01-2024,Consulting
6614e93bfc13ae5d25ab9af7,tR4kLP,Herman-Jones,05-01-2024,19-01-2024,Software_Developper
6614e93afc13ae5d25ab9a2e,qF1yRG,"Wyman, Christiansen and Heathcote",09-12-2023,20-01-2024,Intern
6614e93afc13ae5d25ab9998,yW3rDQ,"Leannon, Mueller and Shanahan",16-12-2023,20-01-2024,Consulting
6614e93cfc13ae5d25ab9bf3,eG7sDK,Pfannerstill-Lind,16-12-2023,20-01-2024,Software_Developper
6614e93bfc13ae5d25ab9b3b,pK2mSK,"Bernhard, Jast and Trantow",23-12-2023,20-01-2024,Software_Developper
6614e93cfc13ae5d25ab9bd2,mX6wDK,Bednar-Bernhard,06-01-2024,20-01-2024,Software_Developper
6614e93afc13ae5d25ab9a2f,lM3tXI,"Schumm, Bayer and Gleason",10-12-2023,21-01-2024,Intern
6614e93bfc13ae5d25ab9b01,gS7tFD,"Dickinson, Hermann and Hammes",10-12-2023,21-01-2024,Software_Developper
6614e93bfc13ae5d25ab9b91,tN8vDK,Flatley-Heathcote,10-12-2023,21-01-2024,Software_Developper
6614e93afc13ae5d25ab9a1e,gP8jYC,"Daugherty, Kris and O'Connell",17-12-2023,21-01-2024,Intern
6614e93cfc13ae5d25ab9c52,sV4oNA,"Hintz, Effertz and Schneider",24-12-2023,21-01-2024,Consulting
6614e93bfc13ae5d25ab9ae1,nM2jKC,Hane Group,31-12-2023,21-01-2024,Software_Developper
6614e93bfc13ae5d25ab9a8e,aD3mBL,Lockman and Sons,11-12-2023,22-01-2024,Software_Developper
6614e93cfc13ae5d25ab9d04,hY9fUM,McCullough-Hyatt,02-01-2024,23-01-2024,Software_Developper
6614e93bfc13ae5d25ab9a95,dM6wYT,Hintz-Schmeler,13-12-2023,24-01-2024,Consulting
6614e93cfc13ae5d25ab9c10,gJ9rDK,Collier-Champlin,20-12-2023,24-01-2024,Software_Developper
6614e93cfc13ae5d25ab9c5a,xG9vHK,"Lynch, Willms and Boyer",10-01-2024,24-01-2024,Software_Developper
6614e93afc13ae5d25ab998b,rK1dVI,"Bailey, Jaskolski and Cronin",14-12-2023,25-01-2024,Software_Developper
6614e93cfc13ae5d25ab9c54,rK1dVI,Abshire LLC,14-12-2023,25-01-2024,Consulting
6614e93bfc13ae5d25ab9b0a,nD3rZI,Stehr Inc,04-01-2024,25-01-2024,Consulting
6614e93cfc13ae5d25ab9bc2,mZ4sDK,Miller and Sons,15-12-2023,26-01-2024,Software_Developper
6614e93cfc13ae5d25ab9c49,eF4bMJ,Bruen-Lehner,15-12-2023,26-01-2024,Software_Developper
6614e93bfc13ae5d25ab9af3,lY9uZK,Hintz Inc,22-12-2023,26-01-2024,Consulting
6614e93bfc13ae5d25ab9b79,tZ5rDK,"O'Reilly, Brown and Powlowski",05-01-2024,26-01-2024,Software_Developper
6614e93cfc13ae5d25ab9bd6,dN7vDK,Beer Group,05-01-2024,26-01-2024,Software_Developper
6614e93cfc13ae5d25ab9c39,dCfWQV,Stanton LLC,12-01-2024,26-01-2024,Software_Developper
6614e93bfc13ae5d25ab9b56,dW3zPK,"Wunsch, Brakus and Weber",30-12-2023,27-01-2024,Software_Developper
6614e93cfc13ae5d25ab9d46,rJ8mOB,"Ortiz, Weimann and Hessel",17-12-2023,28-01-2024,Software_Developper
6614e93cfc13ae5d25ab9c99,fY1dNO,Skiles-Lakin,31-12-2023,28-01-2024,Consulting
6614e93bfc13ae5d25ab9b24,jT9zWL,"Sauer, Hammes and Wilkinson",07-01-2024,28-01-2024,Software_Developper
6614e93afc13ae5d25ab9a5f,jG3qZL,Macejkovic-Pfeffer,15-01-2024,29-01-2024,Software_Developper
6614e93cfc13ae5d25ab9c78,cH2qGO,Denesik Group,15-01-2024,29-01-2024,Consulting
6614e93cfc13ae5d25ab9cdd,iL2wZY,Berge Inc,20-12-2023,31-01-2024,Software_Developper
6614e93cfc13ae5d25ab9c2a,mD3sDK,Schiller Group,10-01-2024,31-01-2024,Consulting
6614e93afc13ae5d25ab9a0f,tH9qGN,Crooks-Heller,17-01-2024,31-01-2024,Software_Developper
6614e93cfc13ae5d25ab9c4c,cT5sQW,"Bauch, Nader and Hoppe",17-01-2024,31-01-2024,Consulting
6614e93afc13ae5d25ab99b1,dJ4zDR,Deckow and Sons,21-12-2023,01-02-2024,Software_Developper
6614e93cfc13ae5d25ab9c2f,jN7rDK,"Senger, Balistreri and Brekke",18-01-2024,01-02-2024,Software_Developper
6614e93cfc13ae5d25ab9d2a,hL9mSC,Schiller-Runolfsdottir,07-01-2024,04-02-2024,Software_Developper
6614e93cfc13ae5d25ab9c13,eG9zDK,Cassin-Ullrich,25-12-2023,05-02-2024,Software_Developper
6614e93cfc13ae5d25ab9cf3,fA6mJZ,Veum-Mann,08-01-2024,05-02-2024,Software_Developper
6614e93cfc13ae5d25ab9c3c,pN2hXZ,Goodwin-Bergnaum,15-01-2024,05-02-2024,Software_Developper
6614e93cfc13ae5d25ab9c7f,vK2jQN,"Swaniawski, McDermott and Hartmann",22-01-2024,05-02-2024,Software_Developper
6614e93cfc13ae5d25ab9bc3,eL3xDK,O'Hara Group,09-01-2024,06-02-2024,Software_Developper
6614e93bfc13ae5d25ab9aad,nL7gHD,Wiegand-Goodwin,16-01-2024,06-02-2024,Software_Developper
6614e93bfc13ae5d25ab9af8,sZ7tUE,Ratke LLC,27-12-2023,07-02-2024,Software_Developper
6614e93cfc13ae5d25ab9c6f,bF4yXJ,Wuckert Inc,27-12-2023,07-02-2024,Software_Developper
6614e93bfc13ae5d25ab9ae5,mY6wRO,Hintz-Hermiston,17-01-2024,07-02-2024,Consulting
6614e93afc13ae5d25ab9986,tP7jSH,"Kerluke, Kassulke and Lindgren",25-01-2024,08-02-2024,Software_Developper
6614e93bfc13ae5d25ab9b1a,lV7gAK,"Kub, Reynolds and Satterfield",25-01-2024,08-02-2024,Software_Developper
6614e93afc13ae5d25ab99a2,uK3rQD,Schoen Group,12-01-2024,09-02-2024,Software_Developper
6614e93bfc13ae5d25ab9b28,mW2dDK,Watsica-Wiegand,26-01-2024,09-02-2024,Software_Developper
6614e93cfc13ae5d25ab9c71,zS3tYK,Romaguera and Sons,30-12-2023,10-02-2024,Software_Developper
6614e93bfc13ae5d25ab9b65,lU6tDK,Nicolas LLC,20-01-2024,10-02-2024,Software_Developper
6614e93cfc13ae5d25ab9c9d,fH8sLB,Braun and Sons,27-01-2024,10-02-2024,Software_Developper
6614e93cfc13ae5d25ab9c4f,tP7jSH,Friesen-Ward,31-12-2023,11-02-2024,Software_Developper
6614e93bfc13ae5d25ab9b7c,pA4zDK,Orn Inc,28-01-2024,11-02-2024,Consulting
6614e93bfc13ae5d25ab9ad0,fY2gPL,"Jones, Halvorson and Denesik",08-01-2024,12-02-2024,Software_Developper
6614e93cfc13ae5d25ab9bdb,eN7xDK,"Kiehn, Gleason and Armstrong",08-01-2024,12-02-2024,Software_Developper
6614e93afc13ae5d25ab9a03,cS9vRI,Jast and Sons,29-01-2024,12-02-2024,Software_Developper
6614e93afc13ae5d25ab99b8,rJ6sGF,Dooley and Sons,09-01-2024,13-02-2024,Consulting
6614e93cfc13ae5d25ab9c6d,xV7lOA,"Littel, Block and Hilll",23-01-2024,13-02-2024,Consulting
6614e93afc13ae5d25ab99b4,gW5pUK,Powlowski and Sons,30-01-2024,13-02-2024,Software_Developper
6614e93afc13ae5d25ab9a74,fW2eZY,Stiedemann LLC,30-01-2024,13-02-2024,Software_Developper
6614e93cfc13ae5d25ab9d0e,pR2jYE,Rosenbaum-Auer,03-01-2024,14-02-2024,Software_Developper
6614e93cfc13ae5d25ab9bb1,tU4yDK,Ruecker LLC,10-01-2024,14-02-2024,Software_Developper
6614e93afc13ae5d25ab99ca,yZ5oGK,Stroman and Sons,17-01-2024,14-02-2024,Software_Developper
6614e93cfc13ae5d25ab9d34,aU4oEP,Huels-Sporer,17-01-2024,14-02-2024,Software_Developper
6614e93bfc13ae5d25ab9b31,eY7tUK,"O'Kon, Yundt and Okuneva",24-01-2024,14-02-2024,Software_Developper
6614e93cfc13ae5d25ab9ca0,uJ4hCN,Hintz-Towne,24-01-2024,14-02-2024,Consulting
6614e93cfc13ae5d25ab9d51,nC1jUG,Beatty-Zulauf,24-01-2024,14-02-2024,Software_Developper
6614e93cfc13ae5d25ab9c65,fK2gNI,Kshlerin Inc,11-01-2024,15-02-2024,Consulting
6614e93afc13ae5d25ab99f5,gE5yLR,Stroman Group,25-01-2024,15-02-2024,Software_Developper
6614e93afc13ae5d25ab9a26,nW7gIR,"Klein, Schultz and Fadel",25-01-2024,15-02-2024,Intern
6614e93bfc13ae5d25ab9ac7,sM8vJD,Weissnat-Wintheiser,25-01-2024,15-02-2024,Software_Developper
6614e93afc13ae5d25ab9979,lJ9zRb,Watsica Inc,05-01-2024,16-02-2024,Software_Developper
6614e93afc13ae5d25ab9a1f,rF2pIL,Schaefer-Mills,05-01-2024,16-02-2024,Intern
6614e93cfc13ae5d25ab9c17,jR6xDK,Anderson-Hammes,05-01-2024,16-02-2024,Software_Developper
6614e93bfc13ae5d25ab9ab7,kM9uZY,Hand Inc,12-01-2024,16-02-2024,Software_Developper
6614e93cfc13ae5d25ab9d3d,fW2eZY,Aufderhar-Frami,26-01-2024,16-02-2024,Software_Developper
6614e93cfc13ae5d25ab9bbc,pN9yDK,Hintz-Schaden,06-01-2024,17-02-2024,Software_Developper
6614e93cfc13ae5d25ab9c8e,lT2xLM,"Wiegand, Ullrich and Cremin",06-01-2024,17-02-2024,Consulting
6614e93cfc13ae5d25ab9d0a,sY6hLE,Huels-Kilback,06-01-2024,17-02-2024,Software_Developper
6614e93afc13ae5d25ab99f3,vP4kQX,Vandervort and Sons,20-01-2024,17-02-2024,Software_Developper
6614e93cfc13ae5d25ab9be8,gT8yDK,Kunze-Kertzmann,20-01-2024,17-02-2024,Software_Developper
6614e93afc13ae5d25ab9a60,kR8dXJ,"Rolfson, McLaughlin and Blick",03-02-2024,17-02-2024,Software_Developper
6614e93cfc13ae5d25ab9d12,qA6yNJ,"Luettgen, Torp and Upton",07-01-2024,18-02-2024,Software_Developper
6614e93afc13ae5d25ab99fa,sA9xTF,Conroy-Huel,14-01-2024,18-02-2024,Software_Developper
6614e93afc13ae5d25ab9977,mTv8Fz,Kerluke and Sons,21-01-2024,18-02-2024,Software_Developper
6614e93cfc13ae5d25ab9c51,vJ5lRX,Nicolas LLC,21-01-2024,18-02-2024,Software_Developper
6614e93cfc13ae5d25ab9c97,xT6xWZ,Zemlak LLC,28-01-2024,18-02-2024,Software_Developper
6614e93bfc13ae5d25ab9af5,gH7wKI,"D'Amore, Brown and Bauch",15-01-2024,19-02-2024,Software_Developper
6614e93bfc13ae5d25ab9b67,jR7zDK,"Ondricka, Harber and Farrell",15-01-2024,19-02-2024,Software_Developper
6614e93bfc13ae5d25ab9aa3,fG5sEP,Kub Inc,22-01-2024,19-02-2024,Software_Developper
6614e93afc13ae5d25ab9991,xG9vHK,Bogisich Inc,29-01-2024,19-02-2024,Software_Developper
6614e93bfc13ae5d25ab9a9b,nS6tIJ,Marquardt-Gutmann,29-01-2024,19-02-2024,Consulting
6614e93afc13ae5d25ab9a44,aN7tGB,Grimes Inc,05-02-2024,19-02-2024,Intern
6614e93afc13ae5d25ab9a84,uW9zJL,Schuppe Group,09-01-2024,20-02-2024,Software_Developper
6614e93afc13ae5d25ab9a4e,dI7xRT,Okuneva-Reynolds,16-01-2024,20-02-2024,Intern
6614e93cfc13ae5d25ab9bae,dR5vDK,Sipes-Mosciski,24-01-2024,21-02-2024,Software_Developper
6614e93bfc13ae5d25ab9aa0,sX4lRK,"Schimmel, Gleason and Goyette",31-01-2024,21-02-2024,Consulting
6614e93cfc13ae5d25ab9c1f,jU9wDK,Schimmel and Sons,31-01-2024,21-02-2024,Software_Developper
6614e93bfc13ae5d25ab9aea,jN3yDI,Keebler Group,08-02-2024,22-02-2024,Software_Developper
6614e93cfc13ae5d25ab9c83,tW9vBY,"O'Kon, Nolan and Schmeler",08-02-2024,22-02-2024,Software_Developper
6614e93afc13ae5d25ab997a,aN1pVK,Cronin-Toy,12-01-2024,23-02-2024,Software_Developper
6614e93afc13ae5d25ab9a50,uZ4rBA,Harber and Sons,13-01-2024,24-02-2024,Intern
6614e93bfc13ae5d25ab9b97,jU5xDK,"Kautzer, Hettinger and Senger",11-02-2024,25-02-2024,Software_Developper
6614e93bfc13ae5d25ab9af9,nG8vMJ,Friesen and Sons,22-01-2024,26-02-2024,Software_Developper
6614e93cfc13ae5d25ab9d08,dO4sIK,Hermann-Corwin,22-01-2024,26-02-2024,Software_Developper
6614e93afc13ae5d25ab9994,dT1xWJ,"Klein, Graham and Bode",29-01-2024,26-02-2024,Software_Developper
6614e93afc13ae5d25ab99db,rM5wUJ,Langworth and Sons,05-02-2024,26-02-2024,Software_Developper
6614e93cfc13ae5d25ab9cdf,tL1mZD,Walker-Robel,12-02-2024,26-02-2024,Software_Developper
6614e93bfc13ae5d25ab9b84,pH3zDK,Rodriguez-Schoen,16-01-2024,27-02-2024,Consulting
6614e93afc13ae5d25ab99ff,iG8wVG,Pouros LLC,30-01-2024,27-02-2024,Consulting
6614e93afc13ae5d25ab99eb,mQ1zFA,Mante and Sons,24-01-2024,28-02-2024,Software_Developper
6614e93bfc13ae5d25ab9b8f,jR8wDK,Douglas-Windler,31-01-2024,28-02-2024,Software_Developper
6614e93afc13ae5d25ab99da,sA9xTF,Graham and Sons,14-02-2024,28-02-2024,Software_Developper
6614e93cfc13ae5d25ab9bef,jQ4xDK,Daugherty LLC,14-02-2024,28-02-2024,Software_Developper
6614e93cfc13ae5d25ab9c27,jU9vDK,Gleichner and Sons,14-02-2024,28-02-2024,Consulting
6614e93cfc13ae5d25ab9ceb,yS9zXK,Corwin-Huels,14-02-2024,28-02-2024,Software_Developper
6614e93cfc13ae5d25ab9c48,yW3rDQ,"Mayer, Marquardt and Heathcote",08-02-2024,29-02-2024,Software_Developper
6614e93cfc13ae5d25ab9cf1,gQ3kSB,Moore LLC,26-01-2024,01-03-2024,Software_Developper
6614e93afc13ae5d25ab9a81,tK9eIW,Wilkinson-Douglas,02-02-2024,01-03-2024,Software_Developper
6614e93cfc13ae5d25ab9d31,jS8oQG,Brown Group,02-02-2024,01-03-2024,Software_Developper
6614e93bfc13ae5d25ab9b42,mV6dCK,Abshire and Sons,20-01-2024,02-03-2024,Software_Developper
6614e93bfc13ae5d25ab9b17,mU9zZK,McKenzie-Glover,03-02-2024,02-03-2024,Software_Developper
6614e93afc13ae5d25ab9a43,tC1rMV,Goyette-Feeney,10-02-2024,02-03-2024,Intern
6614e93afc13ae5d25ab99af,cH2qGO,"O'Conner, Boyle and McLaughlin",21-01-2024,03-03-2024,Software_Developper
6614e93bfc13ae5d25ab9b6f,jQ6sDK,"Oberbrunner, Durgan and Donnelly",28-01-2024,03-03-2024,Software_Developper
6614e93cfc13ae5d25ab9d4c,dH7jLB,Gleason Group,11-02-2024,03-03-2024,Software_Developper
6614e93afc13ae5d25ab999a,aF5cUR,"Kihn, Ebert and Rath",22-01-2024,04-03-2024,Software_Developper
6614e93cfc13ae5d25ab9d05,nT6wRO,Swift and Sons,22-01-2024,04-03-2024,Software_Developper
6614e93cfc13ae5d25ab9ba1,tP5xDK,"Koch, Volkman and Bednar",29-01-2024,04-03-2024,Software_Developper
6614e93cfc13ae5d25ab9c6c,qY2xWT,Powlowski Group,30-01-2024,05-03-2024,Software_Developper
6614e93cfc13ae5d25ab9bf7,jR9yDK,"Walsh, Legros and Roob",06-02-2024,05-03-2024,Software_Developper
6614e93cfc13ae5d25ab9bff,jS9wDK,Lynch Group,31-01-2024,06-03-2024,Software_Developper
6614e93afc13ae5d25ab99fc,mV7oHA,Trantow-Little,21-02-2024,06-03-2024,Consulting
6614e93cfc13ae5d25ab9bb6,dM7rDK,"Little, Dooley and Kassulke",25-01-2024,07-03-2024,Software_Developper
6614e93cfc13ae5d25ab9cce,rN8kXD,Mante-Ruecker,25-01-2024,07-03-2024,Software_Developper
6614e93bfc13ae5d25ab9a97,hA5yVF,Lemke Group,01-02-2024,07-03-2024,Consulting
6614e93bfc13ae5d25ab9b5c,pW3yDK,Abbott and Sons,15-02-2024,07-03-2024,Software_Developper
6614e93cfc13ae5d25ab9bb8,gS2xDK,Jacobson-Grant,22-02-2024,07-03-2024,Software_Developper
6614e93bfc13ae5d25ab9b45,lW4dKJ,Sawayn Inc,16-02-2024,08-03-2024,Software_Developper
6614e93cfc13ae5d25ab9bea,mR5sDK,"Hane, Renner and Langosh",27-01-2024,09-03-2024,Software_Developper
6614e93afc13ae5d25ab99f4,dH2pOM,"Kling, Treutel and O'Hara",10-02-2024,09-03-2024,Software_Developper
6614e93cfc13ae5d25ab9cf7,qF1yRG,Herman LLC,10-02-2024,09-03-2024,Software_Developper
6614e93afc13ae5d25ab9a59,kD8nRO,"Parisian, Klocko and Kohler",24-02-2024,09-03-2024,Software_Developper
6614e93cfc13ae5d25ab9cfa,aB5dKU,Jakubowski-Connelly,24-02-2024,09-03-2024,Software_Developper
6614e93afc13ae5d25ab99bc,xH4rNE,"Harber, Wunsch and Bosco",11-02-2024,10-03-2024,Consulting
6614e93afc13ae5d25ab9a61,hL9mSC,"Swift, Kuvalis and Haley",29-01-2024,11-03-2024,Software_Developper
6614e93cfc13ae5d25ab9d3c,sE6vAK,"Kirlin, Koss and Grant",29-01-2024,11-03-2024,Software_Developper
6614e93afc13ae5d25ab99be,bP1kVD,"Gleason, Skiles and Schuppe",26-02-2024,11-03-2024,Software_Developper
6614e93cfc13ae5d25ab9bd0,gH8wDK,Maggio and Sons,31-01-2024,13-03-2024,Software_Developper
6614e93bfc13ae5d25ab9b44,pH8fLK,"Hodkiewicz, Jakubowski and Stracke",07-02-2024,13-03-2024,Software_Developper
6614e93bfc13ae5d25ab9ac3,wT9rEK,"Farrell, Stamm and Grady",14-02-2024,13-03-2024,Software_Developper
6614e93afc13ae5d25ab996e,iA8ZD9,Prohaska Inc,21-02-2024,13-03-2024,Software_Developper
6614e93cfc13ae5d25ab9c3d,gPv3La,"Spencer, Lakin and Lehner",21-02-2024,13-03-2024,Consulting
6614e93afc13ae5d25ab9a47,gW7rFO,Harber-Kerluke,28-02-2024,13-03-2024,Consulting
6614e93afc13ae5d25ab9a28,gQ3kSB,"Will, Quitzon and Braun",01-02-2024,14-03-2024,Intern
6614e93cfc13ae5d25ab9bb5,lG1wDK,"Jacobi, Rath and Feeney",08-02-2024,14-03-2024,Consulting
6614e93afc13ae5d25ab9a5b,iM1kAE,Brown Group,09-02-2024,15-03-2024,Consulting
6614e93cfc13ae5d25ab9cc8,iG8wVG,"Sporer, Gislason and Sawayn",16-02-2024,15-03-2024,Consulting
6614e93cfc13ae5d25ab9cf0,eX5hRP,Ledner-Pacocha,23-02-2024,15-03-2024,Software_Developper
6614e93afc13ae5d25ab9974,gPv3La,"Runolfsdottir, Klocko and Hoeger",10-02-2024,16-03-2024,Software_Developper
6614e93bfc13ae5d25ab9b1d,gP6jBK,"Hickle, Murphy and Anderson",24-02-2024,16-03-2024,Software_Developper
6614e93afc13ae5d25ab9997,wM4uBZ,Rowe Group,11-02-2024,17-03-2024,Software_Developper
6614e93bfc13ae5d25ab9afb,eL3zVH,Dickinson Group,25-02-2024,17-03-2024,Software_Developper
6614e93bfc13ae5d25ab9ab6,hN6zLI,"Hermiston, Bergnaum and Hartmann",03-03-2024,17-03-2024,Software_Developper
6614e93cfc13ae5d25ab9d10,gW7rFO,Hauck Group,26-02-2024,18-03-2024,Software_Developper
6614e93cfc13ae5d25ab9bd7,jT3sDK,"Monahan, Monahan and Kohler",13-02-2024,19-03-2024,Software_Developper
6614e93cfc13ae5d25ab9c32,mB8zDK,"Casper, Swaniawski and Douglas",13-02-2024,19-03-2024,Software_Developper
6614e93cfc13ae5d25ab9c72,hR9xQC,Yost and Sons,20-02-2024,19-03-2024,Software_Developper
6614e93afc13ae5d25ab99c1,hA8jWQ,"Graham, Will and Bednar",27-02-2024,19-03-2024,Consulting
6614e93afc13ae5d25ab9992,kL4qSU,"Mayert, Nicolas and Huels",21-02-2024,20-03-2024,Software_Developper
6614e93afc13ae5d25ab9a73,sE6vAK,Kub-Beatty,08-02-2024,21-03-2024,Software_Developper
6614e93bfc13ae5d25ab9aaa,pX7wHR,"Kirlin, Walker and Skiles",08-02-2024,21-03-2024,Software_Developper
6614e93cfc13ae5d25ab9bdc,pH5rDK,Jacobi-Welch,15-02-2024,21-03-2024,Software_Developper
6614e93afc13ae5d25ab9982,nP8uCH,Ebert Inc,25-02-2024,24-03-2024,Software_Developper
6614e93afc13ae5d25ab999f,tD8sFX,"Towne, Bins and Harber",19-02-2024,25-03-2024,Consulting
6614e93cfc13ae5d25ab9d45,nO2uXT,Price-Bogan,26-02-2024,25-03-2024,Software_Developper
6614e93bfc13ae5d25ab9b73,eX3uDK,"Daniel, Klein and D'Amore",04-03-2024,25-03-2024,Software_Developper
6614e93afc13ae5d25ab9a4a,iJ3tQH,Macejkovic-Leuschke,11-03-2024,25-03-2024,Intern
6614e93cfc13ae5d25ab9be3,eR8vDK,Robel-Schumm,13-02-2024,26-03-2024,Software_Developper
6614e93cfc13ae5d25ab9bdf,jS2vDK,Jerde Inc,12-03-2024,26-03-2024,Consulting
6614e93cfc13ae5d25ab9cbf,kN9uYC,"Fritsch, Schmitt and Bruen",28-02-2024,27-03-2024,Software_Developper
6614e93bfc13ae5d25ab9b35,jT6yKQ,Ratke-O'Hara,14-03-2024,28-03-2024,Software_Developper
6614e93afc13ae5d25ab999c,fK2gNI,Hartmann Group,01-03-2024,29-03-2024,Software_Developper
6614e93cfc13ae5d25ab9ca9,lX1gTE,Yundt-MacGyver,08-03-2024,29-03-2024,Software_Developper
6614e93cfc13ae5d25ab9cef,nW7gIR,"Bashirian, Halvorson and Blanda",17-02-2024,30-03-2024,Software_Developper
6614e93cfc13ae5d25ab9c5e,lH7rCF,Gerlach LLC,16-03-2024,30-03-2024,Software_Developper
6614e93bfc13ae5d25ab9b23,dB1wQM,"Frami, Daniel and Swaniawski",18-02-2024,31-03-2024,Consulting
6614e93cfc13ae5d25ab9bcb,eY1vDK,Robel-Gibson,18-02-2024,31-03-2024,Software_Developper
6614e93cfc13ae5d25ab9d11,mH5fTP,Renner and Sons,18-02-2024,31-03-2024,Software_Developper
6614e93bfc13ae5d25ab9ad6,sR7fVI,"Ratke, Ankunding and Trantow",03-03-2024,31-03-2024,Software_Developper
6614e93afc13ae5d25ab99d0,fY1dNO,"Rau, Schaefer and Schroeder",10-03-2024,31-03-2024,Software_Developper
6614e93afc13ae5d25ab9a7d,rJ8mOB,Upton-Lemke,10-03-2024,31-03-2024,Software_Developper
6614e93cfc13ae5d25ab9cd2,vP4kQX,Prosacco Inc,10-03-2024,31-03-2024,Software_Developper
6614e93cfc13ae5d25ab9be9,tQ7rDK,Rath-Yundt,26-02-2024,01-04-2024,Software_Developper
6614e93bfc13ae5d25ab9b33,lZ5vDI,"Schmitt, Turcotte and Treutel",04-03-2024,01-04-2024,Software_Developper
6614e93cfc13ae5d25ab9c3b,kJ5rWn,"Grant, Kuhn and Welch",05-03-2024,02-04-2024,Software_Developper
6614e93bfc13ae5d25ab9a9e,vT1fRC,Bednar and Sons,21-02-2024,03-04-2024,Software_Developper
6614e93cfc13ae5d25ab9c6a,vA6oPC,Smith-Quigley,06-03-2024,03-04-2024,Software_Developper
6614e93bfc13ae5d25ab9b04,eW9oFJ,Dach-Welch,20-03-2024,03-04-2024,Consulting
6614e93cfc13ae5d25ab9c2e,dH3sDK,Kiehn and Sons,29-02-2024,04-04-2024,Consulting
6614e93cfc13ae5d25ab9cfc,tN6vIJ,Emard-Breitenberg,14-03-2024,04-04-2024,Software_Developper
6614e93afc13ae5d25ab99e3,mV7oHA,Lang-Spinka,21-03-2024,04-04-2024,Consulting
6614e93cfc13ae5d25ab9c7a,dJ4zDR,Grimes Inc,01-03-2024,05-04-2024,Software_Developper
6614e93afc13ae5d25ab9a07,jF4tHB,"Kautzer, McKenzie and Lockman",15-03-2024,05-04-2024,Software_Developper
6614e93bfc13ae5d25ab9acd,nX6rPS,Strosin-Oberbrunner,15-03-2024,05-04-2024,Software_Developper
6614e93cfc13ae5d25ab9ce6,pD7yQJ,"Batz, Veum and Rau",24-02-2024,06-04-2024,Software_Developper
6614e93afc13ae5d25ab9a3d,gB8qJZ,Wintheiser-Langosh,09-03-2024,06-04-2024,Intern
6614e93bfc13ae5d25ab9b2b,lN6zSJ,Kessler-Jast,23-03-2024,06-04-2024,Software_Developper
6614e93bfc13ae5d25ab9b3c,lZ7uPK,"Quitzon, Anderson and Walker",25-02-2024,07-04-2024,Software_Developper
6614e93afc13ae5d25ab9972,kJ5rWn,Fritsch-McGlynn,10-03-2024,07-04-2024,Software_Developper
6614e93cfc13ae5d25ab9c05,lJ3rDK,Aufderhar-Bartoletti,10-03-2024,07-04-2024,Consulting
6614e93cfc13ae5d25ab9ba4,pQ5vDK,"Johns, Haag and Corwin",04-03-2024,08-04-2024,Software_Developper
6614e93cfc13ae5d25ab9d20,dT4qAM,Towne Inc,26-03-2024,09-04-2024,Software_Developper
6614e93afc13ae5d25ab99e6,wD5yVL,Robel Group,28-02-2024,10-04-2024,Software_Developper
6614e93cfc13ae5d25ab9c98,gD4fQA,Wisozk-Sauer,28-02-2024,10-04-2024,Software_Developper
6614e93bfc13ae5d25ab9ae4,eA4zWQ,"Reilly, Zboncak and Hansen",06-03-2024,10-04-2024,Software_Developper
6614e93bfc13ae5d25ab9acb,tP7gNK,"Runolfsdottir, Bradtke and Lemke",27-03-2024,10-04-2024,Software_Developper
6614e93afc13ae5d25ab99f1,hW8fZI,"Olson, Kiehn and Herzog",29-02-2024,11-04-2024,Software_Developper
6614e93bfc13ae5d25ab9aca,hO3yUI,Krajcik LLC,29-02-2024,11-04-2024,Consulting
6614e93cfc13ae5d25ab9c95,vW7mVD,"Boyer, Ernser and Hirthe",07-03-2024,11-04-2024,Software_Developper
6614e93bfc13ae5d25ab9b19,pS6tQL,"Schoen, Reynolds and Bernier",01-03-2024,12-04-2024,Software_Developper
6614e93cfc13ae5d25ab9d06,gB8qJZ,Ernser-Maggio,01-03-2024,12-04-2024,Software_Developper
6614e93cfc13ae5d25ab9cd4,mQ1zFA,Torphy and Sons,22-03-2024,12-04-2024,Software_Developper
6614e93afc13ae5d25ab99c7,wF1pOH,Ullrich-Rice,25-03-2024,15-04-2024,Software_Developper
6614e93cfc13ae5d25ab9bde,dN6xDK,Kuhn-Boyle,01-04-2024,15-04-2024,Consulting
6614e93cfc13ae5d25ab9bed,lH9wDK,Schultz-Powlowski,01-04-2024,15-04-2024,Software_Developper
6614e93afc13ae5d25ab998f,mW2eRF,"Kovacek, Kilback and Macejkovic",05-03-2024,16-04-2024,Software_Developper
6614e93afc13ae5d25ab9a09,vP4kQX,Senger Inc,20-03-2024,17-04-2024,Software_Developper
6614e93cfc13ae5d25ab9bb0,gN6vDK,Hane-Hauck,27-03-2024,17-04-2024,Software_Developper
6614e93afc13ae5d25ab99e4,pB4zYO,Langosh LLC,07-03-2024,18-04-2024,Software_Developper
6614e93bfc13ae5d25ab9b60,gW6zDK,Corwin-Wisoky,21-03-2024,18-04-2024,Software_Developper
6614e93bfc13ae5d25ab9aa4,hC2dIU,Moore LLC,28-03-2024,18-04-2024,Software_Developper
6614e93bfc13ae5d25ab9b4b,eM2vEK,Orn LLC,08-03-2024,19-04-2024,Consulting
6614e93cfc13ae5d25ab9bda,mX4zDK,"Metz, Labadie and Pacocha",08-03-2024,19-04-2024,Software_Developper
6614e93cfc13ae5d25ab9d3a,rQ4gSK,Jones and Sons,08-03-2024,19-04-2024,Software_Developper
6614e93afc13ae5d25ab9a75,hH6jGR,"Haley, Moen and Wintheiser",22-03-2024,19-04-2024,Software_Developper
6614e93bfc13ae5d25ab9b86,dU3vDK,Daniel-O'Hara,09-03-2024,20-04-2024,Software_Developper
6614e93bfc13ae5d25ab9acf,hW3sBL,"Gislason, Lowe and Rau",16-03-2024,20-04-2024,Software_Developper
6614e93cfc13ae5d25ab9caf,wD5yVL,"Jaskolski, Beatty and Metz",10-03-2024,21-04-2024,Software_Developper
6614e93cfc13ae5d25ab9bee,dS5vDK,"Heathcote, Deckow and Hodkiewicz",17-03-2024,21-04-2024,Software_Developper
6614e93afc13ae5d25ab9a15,cS4eFD,Schroeder-Cummerata,07-04-2024,21-04-2024,Consulting
6614e93afc13ae5d25ab99e7,tH9qGN,"Kub, Cummerata and Emmerich",11-03-2024,22-04-2024,Software_Developper
6614e93cfc13ae5d25ab9cfb,mZ2xQH,"Ledner, Wintheiser and Sauer",11-03-2024,22-04-2024,Software_Developper
6614e93afc13ae5d25ab9a52,wV2tDN,Kohler and Sons,18-03-2024,22-04-2024,Intern
6614e93cfc13ae5d25ab9c85,xH4rNE,Blanda-Windler,18-03-2024,22-04-2024,Software_Developper
6614e93cfc13ae5d25ab9cda,wD5yVL,Cummings Inc,18-03-2024,22-04-2024,Consulting
6614e93cfc13ae5d25ab9d3f,kU4qCX,Wiegand LLC,18-03-2024,22-04-2024,Software_Developper
6614e93cfc13ae5d25ab9b9f,jK2vDK,Luettgen and Sons,08-04-2024,22-04-2024,Software_Developper
6614e93cfc13ae5d25ab9c59,pA3nLC,Baumbach-Cartwright,12-03-2024,23-04-2024,Software_Developper
6614e93afc13ae5d25ab99e2,qT3hDM,Stanton and Sons,19-03-2024,23-04-2024,Software_Developper
6614e93bfc13ae5d25ab9b94,pZ9sDK,Wolf-Maggio,04-04-2024,25-04-2024,Software_Developper
6614e93cfc13ae5d25ab9c87,bP1kVD,"Ryan, Stoltenberg and West",04-04-2024,25-04-2024,Software_Developper
6614e93cfc13ae5d25ab9cf9,hK4vNU,Murphy and Sons,15-03-2024,26-04-2024,Software_Developper
6614e93afc13ae5d25ab9a5d,gE5yLR,Jenkins LLC,30-03-2024,27-04-2024,Software_Developper
6614e93bfc13ae5d25ab9b83,eS2rDK,Beahan Inc,13-04-2024,27-04-2024,Software_Developper
6614e93cfc13ae5d25ab9c2d,lW1yDK,Weimann-D'Amore,14-04-2024,28-04-2024,Consulting
6614e93bfc13ae5d25ab9afc,hX6uZK,Mante Inc,18-03-2024,29-04-2024,Consulting
6614e93bfc13ae5d25ab9b0e,tX2vKQ,"Rohan, Wiegand and Botsford",18-03-2024,29-04-2024,Software_Developper
6614e93afc13ae5d25ab99ec,rN8kXD,"Hilll, Lockman and Watsica",15-04-2024,29-04-2024,Software_Developper
6614e93cfc13ae5d25ab9b9e,dQ8sDK,Huel LLC,15-04-2024,29-04-2024,Software_Developper
6614e93cfc13ae5d25ab9caa,cS9vRI,"Renner, Hyatt and Rosenbaum",19-03-2024,30-04-2024,Consulting
6614e93afc13ae5d25ab99b2,aG1uMB,"Glover, Gerhold and Ullrich",26-03-2024,30-04-2024,Consulting
6614e93bfc13ae5d25ab9afd,mB9yEJ,"Graham, Goyette and Cummings",20-03-2024,01-05-2024,Software_Developper
6614e93cfc13ae5d25ab9d50,xO4pDK,Mayert Inc,04-04-2024,02-05-2024,Software_Developper
6614e93afc13ae5d25ab9a39,kP2uYE,Kris and Sons,11-04-2024,02-05-2024,Intern
6614e93bfc13ae5d25ab9b12,dH9uAI,Mueller-Kulas,11-04-2024,02-05-2024,Software_Developper
6614e93bfc13ae5d25ab9b98,gZ1yDK,Heaney Group,11-04-2024,02-05-2024,Software_Developper
6614e93cfc13ae5d25ab9bc5,lZ8rDK,"Wiegand, Rosenbaum and D'Amore",22-03-2024,03-05-2024,Software_Developper
6614e93cfc13ae5d25ab9c82,uM3oVA,"Considine, Lebsack and Heaney",29-03-2024,03-05-2024,Software_Developper
6614e93afc13ae5d25ab99e5,kZ2nFE,Lang-Harvey,05-04-2024,03-05-2024,Software_Developper
6614e93cfc13ae5d25ab9ca7,hW2nZK,Parisian-Harvey,19-04-2024,03-05-2024,Software_Developper
6614e93afc13ae5d25ab9a7f,jM5qPR,Rolfson-McLaughlin,30-03-2024,04-05-2024,Software_Developper
6614e93bfc13ae5d25ab9ad5,wN6mSD,Bosco LLC,30-03-2024,04-05-2024,Consulting
6614e93afc13ae5d25ab99e9,jF4tHB,"Corkery, Hickle and Auer",20-04-2024,04-05-2024,Software_Developper
6614e93bfc13ae5d25ab9b8b,eL7wDK,Thompson-Bednar,24-03-2024,05-05-2024,Software_Developper
6614e93afc13ae5d25ab99b7,qZ4ySL,Dietrich LLC,31-03-2024,05-05-2024,Software_Developper
6614e93bfc13ae5d25ab9ab2,jT7zLR,"Green, Buckridge and Bode",07-04-2024,05-05-2024,Software_Developper
6614e93afc13ae5d25ab997f,yW3rDQ,Langosh Group,14-04-2024,05-05-2024,Software_Developper
6614e93cfc13ae5d25ab9c45,hCv6GB,"Bechtelar, Boehm and Kiehn",14-04-2024,05-05-2024,Consulting
6614e93afc13ae5d25ab9a3e,jW1xRQ,"Adams, Pfeffer and Welch",25-03-2024,06-05-2024,Intern
6614e93bfc13ae5d25ab9b92,mU3yDK,"Ebert, Padberg and Heller",15-04-2024,06-05-2024,Software_Developper
6614e93cfc13ae5d25ab9cc2,pM8rTS,Botsford Group,15-04-2024,06-05-2024,Software_Developper
6614e93cfc13ae5d25ab9c58,mW2eRF,Howell-Bernhard,02-04-2024,07-05-2024,Software_Developper
6614e93cfc13ae5d25ab9d0c,tC1rMV,"Raynor, Schmitt and Runolfsson",09-04-2024,07-05-2024,Consulting
6614e93bfc13ae5d25ab9a98,tL8rNU,Towne-Berge,23-04-2024,07-05-2024,Consulting
6614e93cfc13ae5d25ab9be2,mT3xDK,"Brown, Medhurst and Wiza",23-04-2024,07-05-2024,Consulting
6614e93afc13ae5d25ab9a62,sV2kPY,Daugherty-Connelly,27-03-2024,08-05-2024,Software_Developper
6614e93bfc13ae5d25ab9a8c,tR2nBJ,"Spencer, Jacobi and Gleichner",17-04-2024,08-05-2024,Software_Developper
6614e93bfc13ae5d25ab9a8b,mX7dLR,Price-Schulist,04-04-2024,09-05-2024,Software_Developper
6614e93bfc13ae5d25ab9aab,hS9zTD,"Veum, Heathcote and Klein",04-04-2024,09-05-2024,Software_Developper
6614e93cfc13ae5d25ab9c8f,eK4yZI,Kiehn-Becker,18-04-2024,09-05-2024,Software_Developper
6614e93afc13ae5d25ab9a0e,vN6zQO,Dare and Sons,30-03-2024,11-05-2024,Software_Developper
6614e93cfc13ae5d25ab9cc9,kZ2nFE,Hettinger-Littel,20-04-2024,11-05-2024,Software_Developper
6614e93cfc13ae5d25ab9c25,lW1zDK,"Maggio, Upton and Hartmann",07-04-2024,12-05-2024,Software_Developper
6614e93afc13ae5d25ab9a1d,pD7yQJ,Powlowski Inc,01-04-2024,13-05-2024,Consulting
6614e93afc13ae5d25ab9a4f,vK6yUD,Dickens-Hayes,08-04-2024,13-05-2024,Intern
6614e93bfc13ae5d25ab9b78,gM8wDK,Okuneva-Dicki,22-04-2024,13-05-2024,Software_Developper
6614e93cfc13ae5d25ab9d29,kR8dXJ,Orn LLC,22-04-2024,13-05-2024,Consulting
6614e93bfc13ae5d25ab9b59,tW2yDK,Bogan-Hahn,23-04-2024,14-05-2024,Consulting
6614e93bfc13ae5d25ab9b58,gN6wBK,Koch and Sons,03-04-2024,15-05-2024,Software_Developper
6614e93cfc13ae5d25ab9c31,tL4wDK,Aufderhar Group,03-04-2024,15-05-2024,Software_Developper
6614e93cfc13ae5d25ab9d02,kP2uYE,Gorczany-Hammes,03-04-2024,15-05-2024,Software_Developper
6614e93afc13ae5d25ab997b,wM5yUQ,Jast-Turcotte,11-04-2024,16-05-2024,Software_Developper
6614e93cfc13ae5d25ab9c8b,nV3zEL,"Gulgowski, Mills and Marvin",11-04-2024,16-05-2024,Software_Developper
6614e93bfc13ae5d25ab9a8f,uH8wIG,Anderson-Herman,21-04-2024,19-05-2024,Software_Developper
6614e93bfc13ae5d25ab9ac2,kZ2xNG,Hermann and Sons,08-04-2024,20-05-2024,Software_Developper
6614e93bfc13ae5d25ab9b1c,jH3zRQ,"Jast, Trantow and Stroman",08-04-2024,20-05-2024,Software_Developper
6614e93cfc13ae5d25ab9bce,dB4yDK,Donnelly-Schroeder,08-04-2024,20-05-2024,Consulting
6614e93cfc13ae5d25ab9cb0,tH9qGN,Koch-Jacobi,08-04-2024,20-05-2024,Software_Developper
6614e93cfc13ae5d25ab9c0e,dK9zDK,Gottlieb Group,15-04-2024,20-05-2024,Software_Developper
6614e93bfc13ae5d25ab9a93,fI8zHP,Bednar and Sons,09-04-2024,21-05-2024,Software_Developper
6614e93cfc13ae5d25ab9cc4,eL7zWD,"Hills, Zieme and Hirthe",17-04-2024,22-05-2024,Software_Developper
6614e93cfc13ae5d25ab9cf5,dP7qZL,Cartwright-Batz,11-04-2024,23-05-2024,Software_Developper
6614e93afc13ae5d25ab9a36,jD7mYV,Wilkinson Group,13-04-2024,25-05-2024,Intern
6614e93cfc13ae5d25ab9bba,mR1yDK,Jacobson-Toy,13-04-2024,25-05-2024,Consulting
6614e93bfc13ae5d25ab9b25,hN4eYJ,"Windler, Paucek and Hansen",20-04-2024,25-05-2024,Software_Developper
6614e93bfc13ae5d25ab9b53,eD9zDK,Bednar-Keeling,20-04-2024,25-05-2024,Software_Developper
6614e93bfc13ae5d25ab9ad9,pV9qUD,Goldner-Weber,14-04-2024,26-05-2024,Software_Developper
6614e93cfc13ae5d25ab9c94,qH3gRE,Prosacco-Rowe,14-04-2024,26-05-2024,Software_Developper
6614e93bfc13ae5d25ab9b29,eY5kTI,"Walker, Streich and Stark",15-04-2024,27-05-2024,Software_Developper
6614e93bfc13ae5d25ab9b88,gN2zDK,Frami-Spencer,15-04-2024,27-05-2024,Software_Developper
6614e93cfc13ae5d25ab9ca8,oJ7pBD,"Leuschke, D'Amore and Reichert",22-04-2024,27-05-2024,Software_Developper
6614e93afc13ae5d25ab99f2,fK1rVH,Lockman-Botsford,23-04-2024,28-05-2024,Software_Developper
6614e93cfc13ae5d25ab9be7,jU4sDK,Hayes-Walter,17-04-2024,29-05-2024,Consulting
6614e93cfc13ae5d25ab9bcf,jL2sDK,"West, Bayer and Crona",18-04-2024,30-05-2024,Consulting
6614e93afc13ae5d25ab9990,pA3nLC,Hegmann-McClure,19-04-2024,31-05-2024,Software_Developper
6614e93cfc13ae5d25ab9c46,vK7dIT,"Yost, Walker and Schmeler",19-04-2024,31-05-2024,Software_Developper
6614e93cfc13ae5d25ab9d39,mA9yKI,"Will, Hodkiewicz and Medhurst",19-04-2024,31-05-2024,Software_Developper
6614e93afc13ae5d25ab9a6d,lR7sFV,Botsford Group,20-04-2024,01-06-2024,Software_Developper
6614e93cfc13ae5d25ab9c36,b3B62L,Johnston Inc,20-04-2024,01-06-2024,Software_Developper
6614e93afc13ae5d25ab99fe,oJ7pBD,"Herzog, Kuphal and Goodwin",21-04-2024,02-06-2024,Consulting
6614e93cfc13ae5d25ab9c3a,9FtXmP,DuBuque-Bechtelar,21-04-2024,02-06-2024,Software_Developper
6614e93cfc13ae5d25ab9cb6,eA5wPK,Bins Inc,23-04-2024,04-06-2024,Software_Developper
